chrom,wstart,wend
chr1,101552,625840
chr1,331517,855805
chr1,566401,1090689
chr1,778753,1303041
chr1,993410,1517698
chr1,1196075,1720363
chr1,1409670,1933958
chr1,1613406,2137694
chr1,1968605,2492893
chr1,2166117,2690405
chr1,2362230,2886518
chr1,3142031,3666319
chr1,3339688,3863976
chr1,3632419,4156707
chr1,4215174,4739462
chr1,4495016,5019304
chr1,5447457,5971745
chr1,5873279,6397567
chr1,6070809,6595097
chr1,6325998,6850286
chr1,6522191,7046479
chr1,6803391,7327679
chr1,7055570,7579858
chr1,7305707,7829995
chr1,7503630,8027918
chr1,7776914,8301202
chr1,7973267,8497555
chr1,8179008,8703296
chr1,8376017,8900305
chr1,8575677,9099965
chr1,8821858,9346146
chr1,9017598,9541886
chr1,9249543,9773831
chr1,9522880,10047168
chr1,9725931,10250219
chr1,9943783,10468071
chr1,10213513,10737801
chr1,10434022,10958310
chr1,10811013,11335301
chr1,11011856,11536144
chr1,11517317,12041605
chr1,11743683,12267971
chr1,11967592,12491880
chr1,12220003,12744291
chr1,12416192,12940480
chr1,12646095,13170383
chr1,13429509,13953797
chr1,13628526,14152814
chr1,14208180,14732468
chr1,14568672,15092960
chr1,14765110,15289398
chr1,14988323,15512611
chr1,15188052,15712340
chr1,15437711,15961999
chr1,15634620,16158908
chr1,15848340,16372628
chr1,16072624,16596912
chr1,16276087,16800375
chr1,16480027,17004315
chr1,16731503,17255791
chr1,16930233,17454521
chr1,17259850,17784138
chr1,17468769,17993057
chr1,17700813,18225101
chr1,18727949,19252237
chr1,18936211,19460499
chr1,19144914,19669202
chr1,19341320,19865608
chr1,19571322,20095610
chr1,19784715,20309003
chr1,20047097,20571385
chr1,20246683,20770971
chr1,20449371,20973659
chr1,20809620,21333908
chr1,21010657,21534945
chr1,21275467,21799755
chr1,21509027,22033315
chr1,21705926,22230214
chr1,21924696,22448984
chr1,22215832,22740120
chr1,22525614,23049902
chr1,22738675,23262963
chr1,22935589,23459877
chr1,23176042,23700330
chr1,23372894,23897182
chr1,23577908,24102196
chr1,23787139,24311427
chr1,23985914,24510202
chr1,24200768,24725056
chr1,24478444,25002732
chr1,24790626,25314914
chr1,25064153,25588441
chr1,25261520,25785808
chr1,25530513,26054801
chr1,25727791,26252079
chr1,25957939,26482227
chr1,26184717,26709005
chr1,26418292,26942580
chr1,26618785,27143073
chr1,26826098,27350386
chr1,27069759,27594047
chr1,27271980,27796268
chr1,27486588,28010876
chr1,27698681,28222969
chr1,27900367,28424655
chr1,28162377,28686665
chr1,28388285,28912573
chr1,28729272,29253560
chr1,28958114,29482402
chr1,29216037,29740325
chr1,29416058,29940346
chr1,29809744,30334032
chr1,30026658,30550946
chr1,30243388,30767676
chr1,30471522,30995810
chr1,30694172,31218460
chr1,30900928,31425216
chr1,31132091,31656379
chr1,31366668,31890956
chr1,31586853,32111141
chr1,31783904,32308192
chr1,31986941,32511229
chr1,32186998,32711286
chr1,32448191,32972479
chr1,32652765,33177053
chr1,32872139,33396427
chr1,33092915,33617203
chr1,33291989,33816277
chr1,33520022,34044310
chr1,33729091,34253379
chr1,33936821,34461109
chr1,34678974,35203262
chr1,34882948,35407236
chr1,35105029,35629317
chr1,35341933,35866221
chr1,35551826,36076114
chr1,35766114,36290402
chr1,35969709,36493997
chr1,36178946,36703234
chr1,37289774,37814062
chr1,37525970,38050258
chr1,37768298,38292586
chr1,38057035,38581323
chr1,38571164,39095452
chr1,38797579,39321867
chr1,39009420,39533708
chr1,39222964,39747252
chr1,39441875,39966163
chr1,39652185,40176473
chr1,39850746,40375034
chr1,40077304,40601592
chr1,40285481,40809769
chr1,40481927,41006215
chr1,40704589,41228877
chr1,40944551,41468839
chr1,41196463,41720751
chr1,41449070,41973358
chr1,41646914,42171202
chr1,41871971,42396259
chr1,42118386,42642674
chr1,42320041,42844329
chr1,42517591,43041879
chr1,42759771,43284059
chr1,43007682,43531970
chr1,43204188,43728476
chr1,43417747,43942035
chr1,43619363,44143651
chr1,43815862,44340150
chr1,44048831,44573119
chr1,44320744,44845032
chr1,44521240,45045528
chr1,44729984,45254272
chr1,45024287,45548575
chr1,45335426,45859714
chr1,45557411,46081699
chr1,45765121,46289409
chr1,45968043,46492331
chr1,46176584,46700872
chr1,46375578,46899866
chr1,47014688,47538976
chr1,47272584,47796872
chr1,47486417,48010705
chr1,47718026,48242314
chr1,48038102,48562390
chr1,48305971,48830259
chr1,48510827,49035115
chr1,48714001,49238289
chr1,50101783,50626071
chr1,50439102,50963390
chr1,50795281,51319569
chr1,51050692,51574980
chr1,51353173,51877461
chr1,51564940,52089228
chr1,51760708,52284996
chr1,51975407,52499695
chr1,52186571,52710859
chr1,52388223,52912511
chr1,52762650,53286938
chr1,52958806,53483094
chr1,53161615,53685903
chr1,53377737,53902025
chr1,53575347,54099635
chr1,53780815,54305103
chr1,54035445,54559733
chr1,54239917,54764205
chr1,54551791,55076079
chr1,54770376,55294664
chr1,54967434,55491722
chr1,55198941,55723229
chr1,55394773,55919061
chr1,55617992,56142280
chr1,55900113,56424401
chr1,56137929,56662217
chr1,56352866,56877154
chr1,56667393,57191681
chr1,56936758,57461046
chr1,57310142,57834430
chr1,57680487,58204775
chr1,58067172,58591460
chr1,58268373,58792661
chr1,58535524,59059812
chr1,58731430,59255718
chr1,58936645,59460933
chr1,59132865,59657153
chr1,59357087,59881375
chr1,59566466,60090754
chr1,59808045,60332333
chr1,60063490,60587778
chr1,60710221,61234509
chr1,60912661,61436949
chr1,61123206,61647494
chr1,61332622,61856910
chr1,61560581,62084869
chr1,62067043,62591331
chr1,62271739,62796027
chr1,62513070,63037358
chr1,63203794,63728082
chr1,63428831,63953119
chr1,63635384,64159672
chr1,63842297,64366585
chr1,64047154,64571442
chr1,64306883,64831171
chr1,64523216,65047504
chr1,64720135,65244423
chr1,64919429,65443717
chr1,65229455,65753743
chr1,65516666,66040954
chr1,65717068,66241356
chr1,66051349,66575637
chr1,66248081,66772369
chr1,66459105,66983393
chr1,66760293,67284581
chr1,66970745,67495033
chr1,67175584,67699872
chr1,67372242,67896530
chr1,67571590,68095878
chr1,67784327,68308615
chr1,67997360,68521648
chr1,68219976,68744264
chr1,69881002,70405290
chr1,70126406,70650694
chr1,70615165,71139453
chr1,70911511,71435799
chr1,71201511,71725799
chr1,71495943,72020231
chr1,72118307,72642595
chr1,74033527,74557815
chr1,74488070,75012358
chr1,75508329,76032617
chr1,75805237,76329525
chr1,76702955,77227243
chr1,77054898,77579186
chr1,77252792,77777080
chr1,77474703,77998991
chr1,77670728,78195016
chr1,77873867,78398155
chr1,78110434,78634722
chr1,78309276,78833564
chr1,78523501,79047789
chr1,78728409,79252697
chr1,79029190,79553478
chr1,79469577,79993865
chr1,79735486,80259774
chr1,80978000,81502288
chr1,81506395,82030683
chr1,82970388,83494676
chr1,83343947,83868235
chr1,83655292,84179580
chr1,83913195,84437483
chr1,84134660,84658948
chr1,84341338,84865626
chr1,84547604,85071892
chr1,84743620,85267908
chr1,84964014,85488302
chr1,85161082,85685370
chr1,85356996,85881284
chr1,85686293,86210581
chr1,85972846,86497134
chr1,86206190,86730478
chr1,86539897,87064185
chr1,86749627,87273915
chr1,86948951,87473239
chr1,87163699,87687987
chr1,87480465,88004753
chr1,87689737,88214025
chr1,87897605,88421893
chr1,88486893,89011181
chr1,88703320,89227608
chr1,88900725,89425013
chr1,89096489,89620777
chr1,89468336,89992624
chr1,89678844,90203132
chr1,90761606,91285894
chr1,91336896,91861184
chr1,91532544,92056832
chr1,91729706,92253994
chr1,92112669,92636957
chr1,92413041,92937329
chr1,92620082,93144370
chr1,92914646,93438934
chr1,93160474,93684762
chr1,93373525,93897813
chr1,93571071,94095359
chr1,93804711,94328999
chr1,94017061,94541349
chr1,94253546,94777834
chr1,94452939,94977227
chr1,94690420,95214708
chr1,94908488,95432776
chr1,96196216,96720504
chr1,96395754,96920042
chr1,96701262,97225550
chr1,96929773,97454061
chr1,97170596,97694884
chr1,97417581,97941869
chr1,97685264,98209552
chr1,97880909,98405197
chr1,98099568,98623856
chr1,98497054,99021342
chr1,98739521,99263809
chr1,99100545,99624833
chr1,99301045,99825333
chr1,99497891,100022179
chr1,99805367,100329655
chr1,100085274,100609562
chr1,100432588,100956876
chr1,100671759,101196047
chr1,100986161,101510449
chr1,101201152,101725440
chr1,101574877,102099165
chr1,102365642,102889930
chr1,102670552,103194840
chr1,102942629,103466917
chr1,103361493,103885781
chr1,105320774,105845062
chr1,106362199,106886487
chr1,106762998,107287286
chr1,106974616,107498904
chr1,107225726,107750014
chr1,107483586,108007874
chr1,107772568,108296856
chr1,107977021,108501309
chr1,108294161,108818449
chr1,108497335,109021623
chr1,108712356,109236644
chr1,108911480,109435768
chr1,109110857,109635145
chr1,109320464,109844752
chr1,109554674,110078962
chr1,109750699,110274987
chr1,110024593,110548881
chr1,110221887,110746175
chr1,110470207,110994495
chr1,110716093,111240381
chr1,110975290,111499578
chr1,111200820,111725108
chr1,111399715,111924003
chr1,112195884,112720172
chr1,112393402,112917690
chr1,112702423,113226711
chr1,112908582,113432870
chr1,113143909,113668197
chr1,113367102,113891390
chr1,113583502,114107790
chr1,113812484,114336772
chr1,114155459,114679747
chr1,114417672,114941960
chr1,114615966,115140254
chr1,114891959,115416247
chr1,115087860,115612148
chr1,115288634,115812922
chr1,115504501,116028789
chr1,115710521,116234809
chr1,115911741,116436029
chr1,116192045,116716333
chr1,116407265,116931553
chr1,116614006,117138294
chr1,116826556,117350844
chr1,117202166,117726454
chr1,117441330,117965618
chr1,117654022,118178310
chr1,117936879,118461167
chr1,118169422,118693710
chr1,118782884,119307172
chr1,118994691,119518979
chr1,119208897,119733185
chr1,119439004,119963292
chr1,119695243,120219531
chr1,119891786,120416074
chr1,120123964,120648252
chr1,120673033,121197321
chr1,121099514,121623802
chr1,121320062,121844350
chr1,143235553,143759841
chr1,143556897,144081185
chr1,143772565,144296853
chr1,144248056,144772344
chr1,144753565,145277853
chr1,145050207,145574495
chr1,145295656,145819944
chr1,145527218,146051506
chr1,145728242,146252530
chr1,145927086,146451374
chr1,146774171,147298459
chr1,147002876,147527164
chr1,147374534,147898822
chr1,147685500,148209788
chr1,147960643,148484931
chr1,148170554,148694842
chr1,148559516,149083804
chr1,148764762,149289050
chr1,148964713,149489001
chr1,149443164,149967452
chr1,149647359,150171647
chr1,149843658,150367946
chr1,150049546,150573834
chr1,150313212,150837500
chr1,150532689,151056977
chr1,150758791,151283079
chr1,150982671,151506959
chr1,151182760,151707048
chr1,151378742,151903030
chr1,151592429,152116717
chr1,151808499,152332787
chr1,152018479,152542767
chr1,152338048,152862336
chr1,152533799,153058087
chr1,152741937,153266225
chr1,153052858,153577146
chr1,153283168,153807456
chr1,153494758,154019046
chr1,153717531,154241819
chr1,153993601,154517889
chr1,154240715,154765003
chr1,154443493,154967781
chr1,154696066,155220354
chr1,154920729,155445017
chr1,155144026,155668314
chr1,155349046,155873334
chr1,155581038,156105326
chr1,155796591,156320879
chr1,155996536,156520824
chr1,156292056,156816344
chr1,156495557,157019845
chr1,156706201,157230489
chr1,156942054,157466342
chr1,157212887,157737175
chr1,157797920,158322208
chr1,158121817,158646105
chr1,158835785,159360073
chr1,159264722,159789010
chr1,159635038,160159326
chr1,159832246,160356534
chr1,160029215,160553503
chr1,160831391,161355679
chr1,161032743,161557031
chr1,161234981,161759269
chr1,161447893,161972181
chr1,161745310,162269598
chr1,161973005,162497293
chr1,162185128,162709416
chr1,162384104,162908392
chr1,162589215,163113503
chr1,162809256,163333544
chr1,163006431,163530719
chr1,163509476,164033764
chr1,163711596,164235884
chr1,164394276,164918564
chr1,164595604,165119892
chr1,165212394,165736682
chr1,165433330,165957618
chr1,165662885,166187173
chr1,166674757,167199045
chr1,167055663,167579951
chr1,167453272,167977560
chr1,167655425,168179713
chr1,167917527,168441815
chr1,168137153,168661441
chr1,168339559,168863847
chr1,168544499,169068787
chr1,168756635,169280923
chr1,168953977,169478265
chr1,169162157,169686445
chr1,169512053,170036341
chr1,169709696,170233984
chr1,169910003,170434291
chr1,170141708,170665996
chr1,170356891,170881179
chr1,170565855,171090143
chr1,170765386,171289674
chr1,170977132,171501420
chr1,171270335,171794623
chr1,171491135,172015423
chr1,171842028,172366316
chr1,172090355,172614643
chr1,172335838,172860126
chr1,172534512,173058800
chr1,172731029,173255317
chr1,172931751,173456039
chr1,173132302,173656590
chr1,173339706,173863994
chr1,173550349,174074637
chr1,173856546,174380834
chr1,174057698,174581986
chr1,174625042,175149330
chr1,174826395,175350683
chr1,175306546,175830834
chr1,175658687,176182975
chr1,175868934,176393222
chr1,176077513,176601801
chr1,176492680,177016968
chr1,176918955,177443243
chr1,177143083,177667371
chr1,177421640,177945928
chr1,177683405,178207693
chr1,177890959,178415247
chr1,178098203,178622491
chr1,178366173,178890461
chr1,178561946,179086234
chr1,178767747,179292035
chr1,178964551,179488839
chr1,179201540,179725828
chr1,179643595,180167883
chr1,179863341,180387629
chr1,180145431,180669719
chr1,180343571,180867859
chr1,180678305,181202593
chr1,180898263,181422551
chr1,181154439,181678727
chr1,181979673,182503961
chr1,182176201,182700489
chr1,182424721,182949009
chr1,182674725,183199013
chr1,182873091,183397379
chr1,183070611,183594899
chr1,183307837,183832125
chr1,183534005,184058293
chr1,183749111,184273399
chr1,183953584,184477872
chr1,184223715,184748003
chr1,184433493,184957781
chr1,184638608,185162896
chr1,184852741,185377029
chr1,185051382,185575670
chr1,185262973,185787261
chr1,185482327,186006615
chr1,185689272,186213560
chr1,185891262,186415550
chr1,186201081,186725369
chr1,186400432,186924720
chr1,186664785,187189073
chr1,192274878,192799166
chr1,192536204,193060492
chr1,192894705,193418993
chr1,193157728,193682016
chr1,193451031,193975319
chr1,195420937,195945225
chr1,196016654,196540942
chr1,196302743,196827031
chr1,196871588,197395876
chr1,197572815,198097103
chr1,197801357,198325645
chr1,198010578,198534866
chr1,198279519,198803807
chr1,198491433,199015721
chr1,198716731,199241019
chr1,198919995,199444283
chr1,199367169,199891457
chr1,199578154,200102442
chr1,199986119,200510407
chr1,200182284,200706572
chr1,200446777,200971065
chr1,200674288,201198576
chr1,200972938,201497226
chr1,201170526,201694814
chr1,201367221,201891509
chr1,201567276,202091564
chr1,201774001,202298289
chr1,201979473,202503761
chr1,202176942,202701230
chr1,202374879,202899167
chr1,202639210,203163498
chr1,202842093,203366381
chr1,203038695,203562983
chr1,203238005,203762293
chr1,203442623,203966911
chr1,203643529,204167817
chr1,203893361,204417649
chr1,204089740,204614028
chr1,204342469,204866757
chr1,204665146,205189434
chr1,204924425,205448713
chr1,205120277,205644565
chr1,205379589,205903877
chr1,205584862,206109150
chr1,205786502,206310790
chr1,206003528,206527816
chr1,206201303,206725591
chr1,206424768,206949056
chr1,206627726,207152014
chr1,206841975,207366263
chr1,207156855,207681143
chr1,207480521,208004809
chr1,207683881,208208169
chr1,207922265,208446553
chr1,208267337,208791625
chr1,208758821,209283109
chr1,209043262,209567550
chr1,209241513,209765801
chr1,209437636,209961924
chr1,209642131,210166419
chr1,209959699,210483987
chr1,210164822,210689110
chr1,210400684,210924972
chr1,210718370,211242658
chr1,211094319,211618607
chr1,211413299,211937587
chr1,211665530,212189818
chr1,211866560,212390848
chr1,212065699,212589987
chr1,212268309,212792597
chr1,212472113,212996401
chr1,212693496,213217784
chr1,213067798,213592086
chr1,213823741,214348029
chr1,214060676,214584964
chr1,214257542,214781830
chr1,214473339,214997627
chr1,214668950,215193238
chr1,214876525,215400813
chr1,215109914,215634202
chr1,215311815,215836103
chr1,215554937,216079225
chr1,215880768,216405056
chr1,216292410,216816698
chr1,217111406,217635694
chr1,217364276,217888564
chr1,218044913,218569201
chr1,218254998,218779286
chr1,218494864,219019152
chr1,218710723,219235011
chr1,218921634,219445922
chr1,219132656,219656944
chr1,219546076,220070364
chr1,219847931,220372219
chr1,220107726,220632014
chr1,220568535,221092823
chr1,220793428,221317716
chr1,220997721,221522009
chr1,221217456,221741744
chr1,221448007,221972295
chr1,221645540,222169828
chr1,221856850,222381138
chr1,222118684,222642972
chr1,222315137,222839425
chr1,222547629,223071917
chr1,222745215,223269503
chr1,222988812,223513100
chr1,223237936,223762224
chr1,223536411,224060699
chr1,223738712,224263000
chr1,223949660,224473948
chr1,224165967,224690255
chr1,224364640,224888928
chr1,224560437,225084725
chr1,225260636,225784924
chr1,225462058,225986346
chr1,225701529,226225817
chr1,225897334,226421622
chr1,226144187,226668475
chr1,226438156,226962444
chr1,226650517,227174805
chr1,226894067,227418355
chr1,227134873,227659161
chr1,227378669,227902957
chr1,227594879,228119167
chr1,227802259,228326547
chr1,228001005,228525293
chr1,228229508,228753796
chr1,228482573,229006861
chr1,228756118,229280406
chr1,229026479,229550767
chr1,229276570,229800858
chr1,229529904,230054192
chr1,229902272,230426560
chr1,230343509,230867797
chr1,230605422,231129710
chr1,230814903,231339191
chr1,231035921,231560209
chr1,231232036,231756324
chr1,231436278,231960566
chr1,231644677,232168965
chr1,231946330,232470618
chr1,232176049,232700337
chr1,232541000,233065288
chr1,232740864,233265152
chr1,232948124,233472412
chr1,233720825,234245113
chr1,233975480,234499768
chr1,234208840,234733128
chr1,234421165,234945453
chr1,234632148,235156436
chr1,234832804,235357092
chr1,235102015,235626303
chr1,235339362,235863650
chr1,235544198,236068486
chr1,235745042,236269330
chr1,236040222,236564510
chr1,236339160,236863448
chr1,236630621,237154909
chr1,238245187,238769475
chr1,238483999,239008287
chr1,239748588,240272876
chr1,239944598,240468886
chr1,240144415,240668703
chr1,240412079,240936367
chr1,240626379,241150667
chr1,241146753,241671041
chr1,241354627,241878915
chr1,241552493,242076781
chr1,241754576,242278864
chr1,242041779,242566067
chr1,242532908,243057196
chr1,242803905,243328193
chr1,243009365,243533653
chr1,243306374,243830662
chr1,243555440,244079728
chr1,243752778,244277066
chr1,243949025,244473313
chr1,244155759,244680047
chr1,244434141,244958429
chr1,244669814,245194102
chr1,244920400,245444688
chr1,245294232,245818520
chr1,245587309,246111597
chr1,245789442,246313730
chr1,246050372,246574660
chr1,246253064,246777352
chr1,246458045,246982333
chr1,246710902,247235190
chr1,246913884,247438172
chr1,247151802,247676090
chr10,100449,624737
chr10,326162,850450
chr10,523156,1047444
chr10,766306,1290594
chr10,2733173,3257461
chr10,2931409,3455697
chr10,3128667,3652955
chr10,3361388,3885676
chr10,3577980,4102268
chr10,3778278,4302566
chr10,4017013,4541301
chr10,4243349,4767637
chr10,4486177,5010465
chr10,4683240,5207528
chr10,4884394,5408682
chr10,5089468,5613756
chr10,5285515,5809803
chr10,5501523,6025811
chr10,5712116,6236404
chr10,5924291,6448579
chr10,6135444,6659732
chr10,6557610,7081898
chr10,6943011,7467299
chr10,7602840,8127128
chr10,9090569,9614857
chr10,9598479,10122767
chr10,10356145,10880433
chr10,10621393,11145681
chr10,10871400,11395688
chr10,11078594,11602882
chr10,11383371,11907659
chr10,11593145,12117433
chr10,11877779,12402067
chr10,12169171,12693459
chr10,12539334,13063622
chr10,12923461,13447749
chr10,13134975,13659263
chr10,13422803,13947091
chr10,13622916,14147204
chr10,13820814,14345102
chr10,14211507,14735795
chr10,14407798,14932086
chr10,14614891,15139179
chr10,14932840,15457128
chr10,15129880,15654168
chr10,15340123,15864411
chr10,15540136,16064424
chr10,16276695,16800983
chr10,16480227,17004515
chr10,16703860,17228148
chr10,16899925,17424213
chr10,17184371,17708659
chr10,17452196,17976484
chr10,17671765,18196053
chr10,17880865,18405153
chr10,18113939,18638227
chr10,18443694,18967982
chr10,19487096,20011384
chr10,20806188,21330476
chr10,21127320,21651608
chr10,21331231,21855519
chr10,21551087,22075375
chr10,21762338,22286626
chr10,22064661,22588949
chr10,22263355,22787643
chr10,22459483,22983771
chr10,22657161,23181449
chr10,22931923,23456211
chr10,23167439,23691727
chr10,23392542,23916830
chr10,24044834,24569122
chr10,24263971,24788259
chr10,24481525,25005813
chr10,24693726,25218014
chr10,24898038,25422326
chr10,26243524,26767812
chr10,26532932,27057220
chr10,26823601,27347889
chr10,27028336,27552624
chr10,27318821,27843109
chr10,27523459,28047747
chr10,27834059,28358347
chr10,28037169,28561457
chr10,28367788,28892076
chr10,28570854,29095142
chr10,28819887,29344175
chr10,29017448,29541736
chr10,29245024,29769312
chr10,29454726,29979014
chr10,29685135,30209423
chr10,29888143,30412431
chr10,30184750,30709038
chr10,30419677,30943965
chr10,30620095,31144383
chr10,30821006,31345294
chr10,31077297,31601585
chr10,31319658,31843946
chr10,31533885,32058173
chr10,31733151,32257439
chr10,31975324,32499612
chr10,32181726,32706014
chr10,32729182,33253470
chr10,32935338,33459626
chr10,33131168,33655456
chr10,33343096,33867384
chr10,33539965,34064253
chr10,33736797,34261085
chr10,33938204,34462492
chr10,34154869,34679157
chr10,34358874,34883162
chr10,34560464,35084752
chr10,34777442,35301730
chr10,35027331,35551619
chr10,35249382,35773670
chr10,35463419,35987707
chr10,35710882,36235170
chr10,35945307,36469595
chr10,36180183,36704471
chr10,36413856,36938144
chr10,37216160,37740448
chr10,37692927,38217215
chr10,37889945,38414233
chr10,38191695,38715983
chr10,41993709,42517997
chr10,42311926,42836214
chr10,42618001,43142289
chr10,42884077,43408365
chr10,43232177,43756465
chr10,43431106,43955394
chr10,43629800,44154088
chr10,43844523,44368811
chr10,44076340,44600628
chr10,44273737,44798025
chr10,44487230,45011518
chr10,44693214,45217502
chr10,44894706,45418994
chr10,45349539,45873827
chr10,45562467,46086755
chr10,45798560,46322848
chr10,46058080,46582368
chr10,46299140,46823428
chr10,46617544,47141832
chr10,46972794,47497082
chr10,47238513,47762801
chr10,47532526,48056814
chr10,47823446,48347734
chr10,48143245,48667533
chr10,48339862,48864150
chr10,48950670,49474958
chr10,49222501,49746789
chr10,49667336,50191624
chr10,49903124,50427412
chr10,50148177,50672465
chr10,50370232,50894520
chr10,50575161,51099449
chr10,50826745,51351033
chr10,51053579,51577867
chr10,51359686,51883974
chr10,51640367,52164655
chr10,52144252,52668540
chr10,52361947,52886235
chr10,52700613,53224901
chr10,56196724,56721012
chr10,57527779,58052067
chr10,57791323,58315611
chr10,57992885,58517173
chr10,58220603,58744891
chr10,58425667,58949955
chr10,58632217,59156505
chr10,58934630,59458918
chr10,59223477,59747765
chr10,59708669,60232957
chr10,59959244,60483532
chr10,60220291,60744579
chr10,60442296,60966584
chr10,60652977,61177265
chr10,60970973,61495261
chr10,61233344,61757632
chr10,61464357,61988645
chr10,61668298,62192586
chr10,61864139,62388427
chr10,62067661,62591949
chr10,62267833,62792121
chr10,62473688,62997976
chr10,62702084,63226372
chr10,62941350,63465638
chr10,63210560,63734848
chr10,63446711,63970999
chr10,65406403,65930691
chr10,66513974,67038262
chr10,67449425,67973713
chr10,67685492,68209780
chr10,67905410,68429698
chr10,68164230,68688518
chr10,68362695,68886983
chr10,68705573,69229861
chr10,68901584,69425872
chr10,69151950,69676238
chr10,69486422,70010710
chr10,69683428,70207716
chr10,69893625,70417913
chr10,70102873,70627161
chr10,70354883,70879171
chr10,70551261,71075549
chr10,71049001,71573289
chr10,71434046,71958334
chr10,71668014,72192302
chr10,71874353,72398641
chr10,72079433,72603721
chr10,72319348,72843636
chr10,72523709,73047997
chr10,72854556,73378844
chr10,73080833,73605121
chr10,73315608,73839896
chr10,73565790,74090078
chr10,73776251,74300539
chr10,73986598,74510886
chr10,74268441,74792729
chr10,74589150,75113438
chr10,74785114,75309402
chr10,75027727,75552015
chr10,75233380,75757668
chr10,75609117,76133405
chr10,75807656,76331944
chr10,76038293,76562581
chr10,76264489,76788777
chr10,76710693,77234981
chr10,76940587,77464875
chr10,77141854,77666142
chr10,77345950,77870238
chr10,77550032,78074320
chr10,77755772,78280060
chr10,78006395,78530683
chr10,78252010,78776298
chr10,78509025,79033313
chr10,78761322,79285610
chr10,78963221,79487509
chr10,79158890,79683178
chr10,79504921,80029209
chr10,79702986,80227274
chr10,79911383,80435671
chr10,80249594,80773882
chr10,81435673,81959961
chr10,82661713,83186001
chr10,83358571,83882859
chr10,83911558,84435846
chr10,84132114,84656402
chr10,84329771,84854059
chr10,85479020,86003308
chr10,86236430,86760718
chr10,86546702,87070990
chr10,86790072,87314360
chr10,87039592,87563880
chr10,87272108,87796396
chr10,87471357,87995645
chr10,87678563,88202851
chr10,87874936,88399224
chr10,88079556,88603844
chr10,88335429,88859717
chr10,88656547,89180835
chr10,88867629,89391917
chr10,89071413,89595701
chr10,89293987,89818275
chr10,89494574,90018862
chr10,89723855,90248143
chr10,89998075,90522363
chr10,90252551,90776839
chr10,90511095,91035383
chr10,90707281,91231569
chr10,90998112,91522400
chr10,91245335,91769623
chr10,91444491,91968779
chr10,91643093,92167381
chr10,91937382,92461670
chr10,92178950,92703238
chr10,92409068,92933356
chr10,92651427,93175715
chr10,92865931,93390219
chr10,93071884,93596172
chr10,93267725,93792013
chr10,93537922,94062210
chr10,93790105,94314393
chr10,94019191,94543479
chr10,94237768,94762056
chr10,95019009,95543297
chr10,95281330,95805618
chr10,95491654,96015942
chr10,95742872,96267160
chr10,95965837,96490125
chr10,96396617,96920905
chr10,96650377,97174665
chr10,96860108,97384396
chr10,97060614,97584902
chr10,97258343,97782631
chr10,97468821,97993109
chr10,97676374,98200662
chr10,97970444,98494732
chr10,98180168,98704456
chr10,98425200,98949488
chr10,98756026,99280314
chr10,99115020,99639308
chr10,99455428,99979716
chr10,99663997,100188285
chr10,99879689,100403977
chr10,100103106,100627394
chr10,100339739,100864027
chr10,100708567,101232855
chr10,101080360,101604648
chr10,101423357,101947645
chr10,101619250,102143538
chr10,101845292,102369580
chr10,102061681,102585969
chr10,102267951,102792239
chr10,102469320,102993608
chr10,102690057,103214345
chr10,102981171,103505459
chr10,103203389,103727677
chr10,103434497,103958785
chr10,103635407,104159695
chr10,103884965,104409253
chr10,104082288,104606576
chr10,104285097,104809385
chr10,104645135,105169423
chr10,104904040,105428328
chr10,106197052,106721340
chr10,106393304,106917592
chr10,107381187,107905475
chr10,107577058,108101346
chr10,108195562,108719850
chr10,108391554,108915842
chr10,108623494,109147782
chr10,109023181,109547469
chr10,109266321,109790609
chr10,109703149,110227437
chr10,109909963,110434251
chr10,110139961,110664249
chr10,110336707,110860995
chr10,110695474,111219762
chr10,110929370,111453658
chr10,111229024,111753312
chr10,111541101,112065389
chr10,112019144,112543432
chr10,112215526,112739814
chr10,112486924,113011212
chr10,112711972,113236260
chr10,112909643,113433931
chr10,113109631,113633919
chr10,113309288,113833576
chr10,113515139,114039427
chr10,113794276,114318564
chr10,114008701,114532989
chr10,114340819,114865107
chr10,114544428,115068716
chr10,114774292,115298580
chr10,115608767,116133055
chr10,115919731,116444019
chr10,116524137,117048425
chr10,116724177,117248465
chr10,116988250,117512538
chr10,117196935,117721223
chr10,117426074,117950362
chr10,117771790,118296078
chr10,118144262,118668550
chr10,118340122,118864410
chr10,118558997,119083285
chr10,118775801,119300089
chr10,118971684,119495972
chr10,119206493,119730781
chr10,119417700,119941988
chr10,119643979,120168267
chr10,120205422,120729710
chr10,120442949,120967237
chr10,120686732,121211020
chr10,121538493,122062781
chr10,121746688,122270976
chr10,121948152,122472440
chr10,122144064,122668352
chr10,122686348,123210636
chr10,122965688,123489976
chr10,123419961,123944249
chr10,123636660,124160948
chr10,123832885,124357173
chr10,124125748,124650036
chr10,124516840,125041128
chr10,124741655,125265943
chr10,124937832,125462120
chr10,125242469,125766757
chr10,125440783,125965071
chr10,125658337,126182625
chr10,125878019,126402307
chr10,126076321,126600609
chr10,126295548,126819836
chr10,126497282,127021570
chr10,126702978,127227266
chr10,126981305,127505593
chr10,127234022,127758310
chr10,127744150,128268438
chr10,127953049,128477337
chr10,128461244,128985532
chr10,128711604,129235892
chr10,129028752,129553040
chr10,129785938,130310226
chr10,130930617,131454905
chr10,131781968,132306256
chr10,132156183,132680471
chr10,132352799,132877087
chr10,132557335,133081623
chr10,132798316,133322604
chr10,133094846,133619134
chr11,144522,668810
chr11,340446,864734
chr11,542399,1066687
chr11,762259,1286547
chr11,974205,1498493
chr11,1219348,1743636
chr11,1586165,2110453
chr11,1783827,2308115
chr11,2142187,2666475
chr11,2369374,2893662
chr11,2605217,3129505
chr11,2812257,3336545
chr11,3214742,3739030
chr11,3419616,3943904
chr11,3622955,4147243
chr11,3831484,4355772
chr11,4229217,4753505
chr11,4443697,4967985
chr11,5115904,5640192
chr11,5386291,5910579
chr11,5759279,6283567
chr11,6046621,6570909
chr11,6309314,6833602
chr11,6517166,7041454
chr11,6762343,7286631
chr11,6990619,7514907
chr11,7326155,7850443
chr11,7726388,8250676
chr11,7934596,8458884
chr11,8432622,8956910
chr11,8646172,9170460
chr11,8853859,9378147
chr11,9055241,9579529
chr11,9296114,9820402
chr11,9497023,10021311
chr11,9694576,10218864
chr11,9945257,10469545
chr11,10140966,10665254
chr11,10341175,10865463
chr11,10561354,11085642
chr11,10762159,11286447
chr11,11227436,11751724
chr11,11584814,12109102
chr11,11782305,12306593
chr11,11979719,12504007
chr11,12212890,12737178
chr11,12417628,12941916
chr11,12613973,13138261
chr11,12909023,13433311
chr11,13112811,13637099
chr11,13503215,14027503
chr11,13820197,14344485
chr11,14114910,14639198
chr11,14335103,14859391
chr11,14726760,15251048
chr11,14942251,15466539
chr11,15485601,16009889
chr11,15804249,16328537
chr11,16015432,16539720
chr11,16218472,16742760
chr11,16440417,16964705
chr11,16913109,17437397
chr11,17111872,17636160
chr11,17579827,18104115
chr11,17821781,18346069
chr11,18148065,18672353
chr11,18362837,18887125
chr11,18585715,19110003
chr11,18915151,19439439
chr11,19202919,19727207
chr11,19400174,19924462
chr11,19613189,20137477
chr11,19812297,20336585
chr11,20199905,20724193
chr11,22460772,22985060
chr11,22915101,23439389
chr11,23123454,23647742
chr11,23732745,24257033
chr11,26023209,26547497
chr11,26456608,26980896
chr11,26657004,27181292
chr11,26996546,27520834
chr11,27198509,27722797
chr11,27399400,27923688
chr11,27697245,28221533
chr11,27920978,28445266
chr11,28179007,28703295
chr11,28402284,28926572
chr11,28669093,29193381
chr11,28954573,29478861
chr11,29153832,29678120
chr11,29363208,29887496
chr11,30158430,30682718
chr11,30820509,31344797
chr11,31205226,31729514
chr11,31491201,32015489
chr11,31805207,32329495
chr11,32046235,32570523
chr11,32366824,32891112
chr11,32716873,33241161
chr11,32971276,33495564
chr11,33206918,33731206
chr11,33468189,33992477
chr11,33748318,34272606
chr11,33962710,34486998
chr11,34159209,34683497
chr11,34421775,34946063
chr11,34751531,35275819
chr11,34947194,35471482
chr11,35154964,35679252
chr11,35351302,35875590
chr11,35606545,36130833
chr11,35804782,36329070
chr11,36084844,36609132
chr11,36289285,36813573
chr11,36493154,37017442
chr11,37339627,37863915
chr11,37621742,38146030
chr11,40164726,40689014
chr11,42010726,42535014
chr11,42298487,42822775
chr11,43148111,43672399
chr11,43343951,43868239
chr11,43572018,44096306
chr11,43773549,44297837
chr11,44136822,44661110
chr11,44398755,44923043
chr11,44601961,45126249
chr11,44882073,45406361
chr11,45100228,45624516
chr11,45392526,45916814
chr11,45607414,46131702
chr11,45818650,46342938
chr11,46072720,46597008
chr11,46340725,46865013
chr11,46536563,47060851
chr11,46750345,47274633
chr11,46988684,47512972
chr11,47243527,47767815
chr11,47443440,47967728
chr11,47683775,48208063
chr11,47882232,48406520
chr11,49070254,49594542
chr11,56746832,57271120
chr11,56991572,57515860
chr11,57193545,57717833
chr11,57401837,57926125
chr11,57597644,58121932
chr11,57841030,58365318
chr11,58137117,58661405
chr11,58398447,58922735
chr11,58606278,59130566
chr11,58916017,59440305
chr11,59373190,59897478
chr11,59590624,60114912
chr11,60612973,61137261
chr11,60965776,61490064
chr11,61168260,61692548
chr11,61379945,61904233
chr11,61628107,62152395
chr11,61848615,62372903
chr11,62100150,62624438
chr11,62332958,62857246
chr11,62541581,63065869
chr11,63403452,63927740
chr11,63603650,64127938
chr11,63810837,64335125
chr11,64017607,64541895
chr11,64390252,64914540
chr11,64598702,65122990
chr11,64805358,65329646
chr11,65005271,65529559
chr11,65206667,65730955
chr11,65405164,65929452
chr11,65616048,66140336
chr11,65836111,66360399
chr11,66062800,66587088
chr11,66274087,66798375
chr11,66473797,66998085
chr11,66678432,67202720
chr11,66890058,67414346
chr11,67098779,67623067
chr11,67304333,67828621
chr11,67640485,68164773
chr11,67845625,68369913
chr11,68092254,68616542
chr11,68296121,68820409
chr11,68494811,69019099
chr11,68725495,69249783
chr11,68924779,69449067
chr11,69130795,69655083
chr11,69332632,69856920
chr11,69784906,70309194
chr11,70039927,70564215
chr11,70235877,70760165
chr11,70623840,71148128
chr11,70953652,71477940
chr11,71284542,71808830
chr11,71622084,72146372
chr11,71858602,72382890
chr11,72058664,72582952
chr11,72270109,72794397
chr11,72539348,73063636
chr11,72805428,73329716
chr11,73013385,73537673
chr11,73211679,73735967
chr11,73421359,73945647
chr11,73623329,74147617
chr11,73819438,74343726
chr11,74112681,74636969
chr11,74329879,74854167
chr11,74532431,75056719
chr11,74760850,75285138
chr11,74978708,75502996
chr11,75174753,75699041
chr11,75389884,75914172
chr11,75596688,76120976
chr11,75802600,76326888
chr11,76051482,76575770
chr11,76280176,76804464
chr11,76526262,77050550
chr11,76747167,77271455
chr11,76943449,77467737
chr11,77144914,77669202
chr11,77394483,77918771
chr11,77655612,78179900
chr11,77876086,78400374
chr11,78149642,78673930
chr11,78396685,78920973
chr11,78620121,79144409
chr11,78854008,79378296
chr11,79070478,79594766
chr11,79272881,79797169
chr11,79932298,80456586
chr11,82694291,83218579
chr11,82907206,83431494
chr11,83121890,83646178
chr11,83402567,83926855
chr11,83609752,84134040
chr11,84690781,85215069
chr11,84923107,85447395
chr11,85463845,85988133
chr11,85663328,86187616
chr11,85877566,86401854
chr11,86080309,86604597
chr11,86294709,86818997
chr11,86507253,87031541
chr11,86705606,87229894
chr11,87188799,87713087
chr11,87686826,88211114
chr11,88008012,88532300
chr11,88234442,88758730
chr11,88615003,89139291
chr11,88815214,89339502
chr11,89130162,89654450
chr11,89326663,89850951
chr11,90040945,90565233
chr11,91817529,92341817
chr11,92016177,92540465
chr11,92216365,92740653
chr11,92533402,93057690
chr11,92765213,93289501
chr11,93032942,93557230
chr11,93312222,93836510
chr11,93522377,94046665
chr11,93741049,94265337
chr11,93963409,94487697
chr11,94284860,94809148
chr11,94486382,95010670
chr11,94698736,95223024
chr11,94902589,95426877
chr11,95173337,95697625
chr11,95392235,95916523
chr11,95603603,96127891
chr11,95820805,96345093
chr11,96024400,96548688
chr11,96225241,96749529
chr11,96584188,97108476
chr11,97799846,98324134
chr11,100523511,101047799
chr11,100726904,101251192
chr11,101181866,101706154
chr11,101389216,101913504
chr11,101629546,102153834
chr11,101847066,102371354
chr11,102056369,102580657
chr11,102272067,102796355
chr11,102541022,103065310
chr11,102747879,103272167
chr11,102944763,103469051
chr11,103162008,103686296
chr11,103361250,103885538
chr11,103699004,104223292
chr11,103970446,104494734
chr11,104728019,105252307
chr11,104946271,105470559
chr11,105848934,106373222
chr11,106117001,106641289
chr11,106761896,107286184
chr11,107293304,107817592
chr11,107527173,108051461
chr11,107844727,108369015
chr11,108056084,108580372
chr11,108302977,108827265
chr11,108500359,109024647
chr11,108705973,109230261
chr11,108921556,109445844
chr11,109448125,109972413
chr11,109776237,110300525
chr11,109983814,110508102
chr11,110208870,110733158
chr11,110665443,111189731
chr11,110899705,111423993
chr11,111096220,111620508
chr11,111301521,111825809
chr11,111512827,112037115
chr11,111714417,112238705
chr11,111918324,112442612
chr11,112116066,112640354
chr11,112339341,112863629
chr11,112688230,113212518
chr11,113020054,113544342
chr11,113220671,113744959
chr11,113469209,113993497
chr11,113710744,114235032
chr11,113968428,114492716
chr11,114176254,114700542
chr11,115324487,115848775
chr11,115761298,116285586
chr11,116393983,116918271
chr11,116607547,117131835
chr11,116820175,117344463
chr11,117034565,117558853
chr11,117254981,117779269
chr11,117652357,118176645
chr11,118087827,118612115
chr11,118333337,118857625
chr11,118626259,119150547
chr11,118832969,119357257
chr11,119041262,119565550
chr11,119253282,119777570
chr11,119451014,119975302
chr11,119964377,120488665
chr11,120161629,120685917
chr11,120382770,120907058
chr11,120719351,121243639
chr11,120977242,121501530
chr11,121300271,121824559
chr11,121497912,122022200
chr11,121725575,122249863
chr11,121921561,122445849
chr11,122178284,122702572
chr11,122416704,122940992
chr11,122613599,123137887
chr11,122892954,123417242
chr11,123101955,123626243
chr11,123310508,123834796
chr11,123526657,124050945
chr11,123916055,124440343
chr11,124113197,124637485
chr11,124317394,124841682
chr11,124561439,125085727
chr11,124770300,125294588
chr11,125098876,125623164
chr11,125332286,125856574
chr11,125608981,126133269
chr11,125898867,126423155
chr11,126102920,126627208
chr11,126316350,126840638
chr11,126547716,127072004
chr11,126751194,127275482
chr11,127357666,127881954
chr11,127695590,128219878
chr11,127930917,128455205
chr11,128129748,128654036
chr11,128325899,128850187
chr11,128529310,129053598
chr11,128738275,129262563
chr11,128951779,129476067
chr11,129160282,129684570
chr11,129473590,129997878
chr11,129682526,130206814
chr11,129878148,130402436
chr11,130236886,130761174
chr11,130436491,130960779
chr11,130633704,131157992
chr11,130835005,131359293
chr11,131416155,131940443
chr11,131646899,132171187
chr11,131860705,132384993
chr11,132056742,132581030
chr11,132307629,132831917
chr11,132518829,133043117
chr11,132722078,133246366
chr11,133814219,134338507
chr11,134059123,134583411
chr12,192732,717020
chr12,406036,930324
chr12,615264,1139552
chr12,826232,1350520
chr12,1041576,1565864
chr12,1265687,1789975
chr12,1464948,1989236
chr12,1808616,2332904
chr12,2015881,2540169
chr12,2220664,2744952
chr12,2449290,2973578
chr12,2648021,3172309
chr12,2912386,3436674
chr12,3109497,3633785
chr12,3533618,4057906
chr12,3866564,4390852
chr12,4110919,4635207
chr12,4374254,4898542
chr12,4659686,5183974
chr12,4921412,5445700
chr12,5155060,5679348
chr12,5382191,5906479
chr12,5625818,6150106
chr12,5875685,6399973
chr12,6114011,6638299
chr12,6329227,6853515
chr12,6525572,7049860
chr12,6726446,7250734
chr12,6927865,7452153
chr12,7204632,7728920
chr12,7679061,8203349
chr12,7893410,8417698
chr12,8534470,9058758
chr12,8749830,9274118
chr12,9119448,9643736
chr12,9481086,10005374
chr12,9705611,10229899
chr12,9904793,10429081
chr12,10199905,10724193
chr12,10449055,10973343
chr12,10803597,11327885
chr12,11006636,11530924
chr12,11415498,11939786
chr12,11631573,12155861
chr12,11869011,12393299
chr12,12101513,12625801
chr12,12311019,12835307
chr12,12532180,13056468
chr12,12728582,13252870
chr12,12929319,13453607
chr12,13183119,13707407
chr12,13409820,13934108
chr12,14051820,14576108
chr12,14606414,15130702
chr12,15112249,15636537
chr12,15371038,15895326
chr12,15568956,16093244
chr12,15764584,16288872
chr12,16184641,16708929
chr12,18159275,18683563
chr12,18411895,18936183
chr12,18700763,19225051
chr12,18960861,19485149
chr12,19218095,19742383
chr12,19490117,20014405
chr12,19781974,20306262
chr12,20328276,20852564
chr12,21273098,21797386
chr12,21481050,22005338
chr12,21687837,22212125
chr12,21937468,22461756
chr12,22360813,22885101
chr12,22565595,23089883
chr12,22807199,23331487
chr12,24437359,24961647
chr12,24657666,25181954
chr12,24987014,25511302
chr12,25213594,25737882
chr12,25451205,25975493
chr12,25665501,26189789
chr12,25864850,26389138
chr12,26104456,26628744
chr12,26308789,26833077
chr12,26527106,27051394
chr12,26773881,27298169
chr12,26999054,27523342
chr12,27217487,27741775
chr12,27427816,27952104
chr12,27657153,28181441
chr12,27859130,28383418
chr12,28176398,28700686
chr12,28372195,28896483
chr12,28615545,29139833
chr12,28874616,29398904
chr12,29077544,29601832
chr12,29352100,29876388
chr12,29574893,30099181
chr12,29862043,30386331
chr12,30253693,30777981
chr12,30526665,31050953
chr12,30745074,31269362
chr12,31044404,31568692
chr12,31328104,31852392
chr12,31564343,32088631
chr12,31794798,32319086
chr12,31999735,32524023
chr12,32273109,32797397
chr12,32496210,33020498
chr12,33857693,34381981
chr12,38151997,38676285
chr12,40059954,40584242
chr12,41357302,41881590
chr12,41954374,42478662
chr12,42161495,42685783
chr12,42541880,43066168
chr12,43120825,43645113
chr12,43578535,44102823
chr12,45051356,45575644
chr12,45250646,45774934
chr12,45502443,46026731
chr12,45749774,46274062
chr12,45960801,46485089
chr12,46193325,46717613
chr12,46391536,46915824
chr12,46606323,47130611
chr12,46834564,47358852
chr12,47071957,47596245
chr12,47340691,47864979
chr12,47541097,48065385
chr12,47739395,48263683
chr12,47941294,48465582
chr12,48186109,48710397
chr12,48436131,48960419
chr12,48646699,49170987
chr12,48854120,49378408
chr12,49049923,49574211
chr12,49317949,49842237
chr12,49534614,50058902
chr12,49781115,50305403
chr12,50002447,50526735
chr12,50225775,50750063
chr12,50425392,50949680
chr12,50622386,51146674
chr12,50820904,51345192
chr12,51054052,51578340
chr12,51260130,51784418
chr12,51456622,51980910
chr12,51654563,52178851
chr12,51861340,52385628
chr12,52058062,52582350
chr12,52270625,52794913
chr12,52633624,53157912
chr12,52840499,53364787
chr12,53041952,53566240
chr12,53257176,53781464
chr12,53461479,53985767
chr12,53681037,54205325
chr12,53889137,54413425
chr12,54094313,54618601
chr12,54769561,55293849
chr12,55549117,56073405
chr12,55755061,56279349
chr12,55952601,56476889
chr12,56151254,56675542
chr12,56357866,56882154
chr12,56556115,57080403
chr12,56777184,57301472
chr12,56973803,57498091
chr12,57224556,57748844
chr12,57439421,57963709
chr12,57667555,58191843
chr12,57903127,58427415
chr12,58145696,58669984
chr12,58344846,58869134
chr12,58585948,59110236
chr12,58876119,59400407
chr12,59218761,59743049
chr12,59431417,59955705
chr12,59740472,60264760
chr12,59984207,60508495
chr12,60226268,60750556
chr12,61594191,62118479
chr12,62095570,62619858
chr12,62302147,62826435
chr12,62520430,63044718
chr12,62813030,63337318
chr12,63503841,64028129
chr12,63724954,64249242
chr12,63921403,64445691
chr12,64221564,64745852
chr12,64444930,64969218
chr12,64642743,65167031
chr12,65004924,65529212
chr12,65266497,65790785
chr12,65465318,65989606
chr12,65662274,66186562
chr12,65871926,66396214
chr12,66070722,66595010
chr12,66483032,67007320
chr12,67104677,67628965
chr12,67481625,68005913
chr12,67745656,68269944
chr12,68075476,68599764
chr12,68275840,68800128
chr12,68522225,69046513
chr12,68721322,69245610
chr12,69074983,69599271
chr12,69305780,69830068
chr12,69521335,70045623
chr12,69733804,70258092
chr12,69990236,70514524
chr12,70253543,70777831
chr12,70481482,71005770
chr12,71267174,71791462
chr12,71499278,72023566
chr12,71700984,72225272
chr12,72071461,72595749
chr12,72383225,72907513
chr12,74373861,74898149
chr12,74725072,75249360
chr12,75013536,75537824
chr12,75225246,75749534
chr12,75421531,75945819
chr12,75625792,76150080
chr12,75832644,76356932
chr12,76094939,76619227
chr12,76306052,76830340
chr12,76523642,77047930
chr12,76778588,77302876
chr12,77025366,77549654
chr12,77329236,77853524
chr12,77561652,78085940
chr12,77773756,78298044
chr12,77993094,78517382
chr12,78539395,79063683
chr12,79238796,79763084
chr12,79454493,79978781
chr12,79680313,80204601
chr12,79876069,80400357
chr12,80104406,80628694
chr12,80309089,80833377
chr12,80538894,81063182
chr12,80772397,81296685
chr12,81045316,81569604
chr12,82193843,82718131
chr12,82522164,83046452
chr12,82851659,83375947
chr12,83716328,84240616
chr12,83966577,84490865
chr12,84344758,84869046
chr12,84574242,85098530
chr12,84852707,85376995
chr12,85304712,85829000
chr12,85639291,86163579
chr12,86547977,87072265
chr12,87705527,88229815
chr12,87949867,88474155
chr12,88147529,88671817
chr12,88344994,88869282
chr12,88563036,89087324
chr12,88759000,89283288
chr12,88962953,89487241
chr12,89180357,89704645
chr12,89407513,89931801
chr12,89603327,90127615
chr12,89812893,90337181
chr12,90046618,90570906
chr12,90731862,91256150
chr12,90930116,91454404
chr12,91162706,91686994
chr12,91614439,92138727
chr12,91820242,92344530
chr12,92055103,92579391
chr12,92306095,92830383
chr12,92570649,93094937
chr12,92792411,93316699
chr12,92999180,93523468
chr12,93212694,93736982
chr12,93408888,93933176
chr12,93609297,94133585
chr12,93808454,94332742
chr12,94007639,94531927
chr12,94263679,94787967
chr12,94480162,95004450
chr12,94703101,95227389
chr12,94908436,95432724
chr12,95112644,95636932
chr12,95309440,95833728
chr12,95536161,96060449
chr12,95778055,96302343
chr12,95976258,96500546
chr12,96183000,96707288
chr12,96610951,97135239
chr12,97757984,98282272
chr12,98188038,98712326
chr12,98429021,98953309
chr12,99746766,100271054
chr12,99963596,100487884
chr12,100409040,100933328
chr12,100630445,101154733
chr12,100830866,101355154
chr12,101066178,101590466
chr12,101534261,102058549
chr12,101754207,102278495
chr12,101955542,102479830
chr12,102244380,102768668
chr12,102466916,102991204
chr12,103396052,103920340
chr12,103636290,104160578
chr12,103842456,104366744
chr12,104055693,104579981
chr12,104262433,104786721
chr12,104507246,105031534
chr12,104726551,105250839
chr12,104943069,105467357
chr12,105147965,105672253
chr12,105358718,105883006
chr12,105577404,106101692
chr12,105813327,106337615
chr12,106031715,106556003
chr12,106250709,106774997
chr12,106609633,107133921
chr12,106817811,107342099
chr12,107050389,107574677
chr12,107247320,107771608
chr12,107521219,108045507
chr12,107819506,108343794
chr12,108141173,108665461
chr12,108344407,108868695
chr12,108552861,109077149
chr12,108887975,109412263
chr12,109279858,109804146
chr12,109598678,110122966
chr12,109800328,110324616
chr12,110014817,110539105
chr12,110238784,110763072
chr12,110449489,110973777
chr12,110723633,111247921
chr12,111203540,111727828
chr12,111406223,111930511
chr12,111677421,112201709
chr12,111920264,112444552
chr12,112138297,112662585
chr12,112673015,113197303
chr12,112876085,113400373
chr12,113072066,113596354
chr12,113563120,114087408
chr12,113768641,114292929
chr12,113999351,114523639
chr12,114228672,114752960
chr12,114461502,114985790
chr12,114669922,115194210
chr12,114971531,115495819
chr12,115173722,115698010
chr12,115493141,116017429
chr12,115798080,116322368
chr12,115996290,116520578
chr12,116194648,116718936
chr12,116435172,116959460
chr12,116654834,117179122
chr12,117025132,117549420
chr12,117515869,118040157
chr12,117821936,118346224
chr12,118018455,118542743
chr12,118237937,118762225
chr12,119011840,119536128
chr12,119430443,119954731
chr12,119637953,120162241
chr12,119922564,120446852
chr12,120126810,120651098
chr12,120331291,120855579
chr12,120545819,121070107
chr12,120798202,121322490
chr12,121026002,121550290
chr12,121227427,121751715
chr12,121425759,121950047
chr12,121622008,122146296
chr12,121827688,122351976
chr12,122034447,122558735
chr12,122230908,122755196
chr12,122505339,123029627
chr12,122708068,123232356
chr12,122925255,123449543
chr12,123199519,123723807
chr12,123419766,123944054
chr12,123665594,124189882
chr12,123862184,124386472
chr12,124068363,124592651
chr12,124264570,124788858
chr12,124472410,124996698
chr12,124668144,125192432
chr12,124901625,125425913
chr12,126329574,126853862
chr12,126607948,127132236
chr12,126889085,127413373
chr12,127084894,127609182
chr12,127320964,127845252
chr12,127564495,128088783
chr12,127764152,128288440
chr12,128081353,128605641
chr12,128447875,128972163
chr12,128646532,129170820
chr12,130227829,130752117
chr12,130612243,131136531
chr12,130847424,131371712
chr12,131535022,132059310
chr12,131731436,132255724
chr12,131980671,132504959
chr12,132342881,132867169
chr12,132559386,133083674
chr12,132751021,133275309
chr13,19422562,19946850
chr13,19618495,20142783
chr13,19841737,20366025
chr13,20175222,20699510
chr13,20402404,20926692
chr13,20609458,21133746
chr13,20829305,21353593
chr13,21068910,21593198
chr13,21271578,21795866
chr13,21519138,22043426
chr13,22905681,23429969
chr13,23155314,23679602
chr13,23382640,23906928
chr13,23586026,24110314
chr13,23815687,24339975
chr13,24055688,24579976
chr13,24336612,24860900
chr13,24746577,25270865
chr13,25050460,25574748
chr13,25298440,25822728
chr13,25736709,26260997
chr13,26021879,26546167
chr13,26284666,26808954
chr13,26480520,27004808
chr13,26813613,27337901
chr13,27010961,27535249
chr13,27260001,27784289
chr13,27457114,27981402
chr13,27883181,28407469
chr13,28157899,28682187
chr13,28366738,28891026
chr13,28579618,29103906
chr13,29271139,29795427
chr13,29490316,30014604
chr13,29686160,30210448
chr13,29882346,30406634
chr13,30136933,30661221
chr13,30356660,30880948
chr13,30554708,31078996
chr13,30807752,31332040
chr13,31036707,31560995
chr13,31313475,31837763
chr13,31578124,32102412
chr13,31780909,32305197
chr13,31988608,32512896
chr13,32374240,32898528
chr13,32570010,33094298
chr13,32774514,33298802
chr13,33004803,33529091
chr13,33318748,33843036
chr13,33533278,34057566
chr13,33754610,34278898
chr13,33992607,34516895
chr13,34193487,34717775
chr13,34493317,35017605
chr13,34699169,35223457
chr13,35303985,35828273
chr13,35508849,36033137
chr13,35727529,36251817
chr13,36133344,36657632
chr13,36727381,37251669
chr13,36963598,37487886
chr13,37192932,37717220
chr13,37452627,37976915
chr13,37705139,38229427
chr13,38048888,38573176
chr13,38253483,38777771
chr13,38723966,39248254
chr13,39253318,39777606
chr13,39491860,40016148
chr13,39706470,40230758
chr13,39938036,40462324
chr13,40188614,40712902
chr13,40598970,41123258
chr13,40854765,41379053
chr13,41060331,41584619
chr13,41300843,41825131
chr13,41511446,42035734
chr13,41752087,42276375
chr13,41969654,42493942
chr13,42199878,42724166
chr13,42437106,42961394
chr13,42643471,43167759
chr13,42859478,43383766
chr13,43064888,43589176
chr13,43408051,43932339
chr13,43640734,44165022
chr13,43840976,44365264
chr13,44056259,44580547
chr13,44270631,44794919
chr13,44503636,45027924
chr13,44720027,45244315
chr13,44922024,45446312
chr13,45161268,45685556
chr13,45357022,45881310
chr13,45825222,46349510
chr13,46131261,46655549
chr13,46360066,46884354
chr13,46632493,47156781
chr13,46869003,47393291
chr13,47073566,47597854
chr13,47315827,47840115
chr13,47694227,48218515
chr13,47901933,48426221
chr13,48139087,48663375
chr13,48336834,48861122
chr13,48566020,49090308
chr13,48811187,49335475
chr13,49083280,49607568
chr13,49279514,49803802
chr13,49477610,50001898
chr13,49694721,50219009
chr13,49903571,50427859
chr13,50155864,50680152
chr13,50359843,50884131
chr13,50566742,51091030
chr13,50826979,51351267
chr13,51028064,51552352
chr13,51232430,51756718
chr13,51428704,51952992
chr13,51629068,52153356
chr13,51848226,52372514
chr13,52184467,52708755
chr13,52435422,52959710
chr13,52817150,53341438
chr13,59249377,59773665
chr13,59536323,60060611
chr13,59947260,60471548
chr13,60231860,60756148
chr13,63271117,63795405
chr13,64341590,64865878
chr13,64747683,65271971
chr13,65128167,65652455
chr13,65743169,66267457
chr13,65950279,66474567
chr13,66471087,66995375
chr13,66770049,67294337
chr13,66970252,67494540
chr13,71945812,72470100
chr13,72272928,72797216
chr13,72562674,73086962
chr13,72819092,73343380
chr13,73046101,73570389
chr13,73257351,73781639
chr13,73492966,74017254
chr13,73706534,74230822
chr13,73949836,74474124
chr13,74280049,74804337
chr13,74476935,75001223
chr13,74727766,75252054
chr13,74937828,75462116
chr13,75180774,75705062
chr13,75385275,75909563
chr13,75604918,76129206
chr13,75872102,76396390
chr13,76121827,76646115
chr13,76351607,76875895
chr13,76547525,77071813
chr13,76753280,77277568
chr13,77043058,77567346
chr13,77314119,77838407
chr13,77858188,78382476
chr13,78494300,79018588
chr13,79228941,79753229
chr13,79429027,79953315
chr13,79646306,80170594
chr13,79872636,80396924
chr13,80085979,80610267
chr13,82490997,83015285
chr13,82909410,83433698
chr13,83107514,83631802
chr13,83335051,83859339
chr13,83731789,84256077
chr13,84235508,84759796
chr13,84487494,85011782
chr13,85364878,85889166
chr13,86924641,87448929
chr13,90250805,90775093
chr13,91184957,91709245
chr13,92902031,93426319
chr13,93097888,93622176
chr13,93593999,94118287
chr13,93946165,94470453
chr13,94145477,94669765
chr13,94384646,94908934
chr13,94909936,95434224
chr13,95105629,95629917
chr13,95463200,95987488
chr13,95760295,96284583
chr13,96841730,97366018
chr13,97057707,97581995
chr13,97265732,97790020
chr13,97689077,98213365
chr13,97918452,98442740
chr13,98204189,98728477
chr13,98402174,98926462
chr13,98611704,99135992
chr13,98808243,99332531
chr13,99035655,99559943
chr13,99268259,99792547
chr13,99491695,100015983
chr13,99924217,100448505
chr13,100197687,100721975
chr13,100469610,100993898
chr13,100711361,101235649
chr13,101047451,101571739
chr13,101285613,101809901
chr13,101485079,102009367
chr13,101964021,102488309
chr13,102230686,102754974
chr13,102427903,102952191
chr13,102634233,103158521
chr13,105169680,105693968
chr13,105750709,106274997
chr13,105951282,106475570
chr13,106154806,106679094
chr13,106364873,106889161
chr13,106752622,107276910
chr13,108050172,108574460
chr13,108751173,109275461
chr13,108983484,109507772
chr13,109180611,109704899
chr13,109463703,109987991
chr13,109675940,110200228
chr13,109878433,110402721
chr13,110079625,110603913
chr13,110278880,110803168
chr13,110484374,111008662
chr13,110704579,111228867
chr13,110988800,111513088
chr13,111868252,112392540
chr13,112230485,112754773
chr13,112441930,112966218
chr13,112989386,113513674
chr13,113246913,113771201
chr13,113461797,113986085
chr13,113657457,114181745
chr13,113840040,114364328
chr14,18886083,19410371
chr14,19185368,19709656
chr14,20137703,20661991
chr14,20449946,20974234
chr14,20684693,21208981
chr14,20905447,21429735
chr14,21104886,21629174
chr14,21312520,21836808
chr14,22101244,22625532
chr14,22346021,22870309
chr14,22602038,23126326
chr14,22810396,23334684
chr14,23006776,23531064
chr14,23202540,23726828
chr14,23403021,23927309
chr14,23746233,24270521
chr14,23950031,24474319
chr14,24169695,24693983
chr14,24684608,25208896
chr14,24882624,25406912
chr14,26678112,27202400
chr14,28351130,28875418
chr14,28980890,29505178
chr14,29184622,29708910
chr14,29507062,30031350
chr14,29760494,30284782
chr14,30027621,30551909
chr14,30389278,30913566
chr14,30830632,31354920
chr14,31030427,31554715
chr14,31255484,31779772
chr14,31665251,32189539
chr14,31863400,32387688
chr14,32065575,32589863
chr14,32292996,32817284
chr14,32493158,33017446
chr14,32732921,33257209
chr14,32949944,33474232
chr14,33481704,34005992
chr14,33823014,34347302
chr14,34034835,34559123
chr14,34297450,34821738
chr14,34501329,35025617
chr14,34709284,35233572
chr14,34957848,35482136
chr14,35178295,35702583
chr14,35644499,36168787
chr14,36156137,36680425
chr14,36780199,37304487
chr14,37007887,37532175
chr14,37504106,38028394
chr14,37737665,38261953
chr14,37933749,38458037
chr14,38175063,38699351
chr14,38389625,38913913
chr14,38885730,39410018
chr14,39082841,39607129
chr14,39327562,39851850
chr14,41976717,42501005
chr14,44731985,45256273
chr14,44969738,45494026
chr14,45195233,45719521
chr14,45884487,46408775
chr14,48886382,49410670
chr14,49086324,49610612
chr14,49421849,49946137
chr14,49688281,50212569
chr14,49897118,50421406
chr14,50148132,50672420
chr14,50356898,50881186
chr14,50561823,51086111
chr14,50763771,51288059
chr14,51076070,51600358
chr14,51278909,51803197
chr14,51477445,52001733
chr14,51683005,52207293
chr14,51879300,52403588
chr14,52076536,52600824
chr14,52294157,52818445
chr14,52530641,53054929
chr14,52730365,53254653
chr14,52962776,53487064
chr14,53166666,53690954
chr14,53687066,54211354
chr14,53944397,54468685
chr14,54148252,54672540
chr14,54345975,54870263
chr14,54547855,55072143
chr14,54812004,55336292
chr14,55027065,55551353
chr14,55224967,55749255
chr14,55421411,55945699
chr14,55639453,56163741
chr14,55840829,56365117
chr14,56080256,56604544
chr14,56323103,56847391
chr14,57045228,57569516
chr14,57667880,58192168
chr14,57913724,58438012
chr14,58117508,58641796
chr14,58407648,58931936
chr14,58653421,59177709
chr14,58863999,59388287
chr14,59089403,59613691
chr14,59289804,59814092
chr14,59927275,60451563
chr14,60482840,61007128
chr14,60800436,61324724
chr14,61010715,61535003
chr14,61224126,61748414
chr14,61421767,61946055
chr14,61761691,62285979
chr14,62044670,62568958
chr14,62264468,62788756
chr14,62490696,63014984
chr14,62779397,63303685
chr14,63010826,63535114
chr14,63271283,63795571
chr14,63477440,64001728
chr14,63700505,64224793
chr14,63953148,64477436
chr14,64173858,64698146
chr14,64375660,64899948
chr14,64594133,65118421
chr14,64822628,65346916
chr14,65042591,65566879
chr14,65247244,65771532
chr14,65513863,66038151
chr14,65715403,66239691
chr14,66343283,66867571
chr14,66767842,67292130
chr14,67063772,67588060
chr14,67297687,67821975
chr14,67502758,68027046
chr14,67713411,68237699
chr14,67940626,68464914
chr14,68196815,68721103
chr14,68399486,68923774
chr14,68599017,69123305
chr14,68794864,69319152
chr14,69027712,69552000
chr14,69234157,69758445
chr14,69446710,69970998
chr14,69721777,70246065
chr14,70022934,70547222
chr14,70252564,70776852
chr14,70533892,71058180
chr14,70730871,71255159
chr14,70953872,71478160
chr14,71155646,71679934
chr14,71359646,71883934
chr14,71557136,72081424
chr14,71990843,72515131
chr14,72293211,72817499
chr14,72500757,73025045
chr14,72720279,73244567
chr14,72972580,73496868
chr14,73293457,73817745
chr14,73532058,74056346
chr14,73732664,74256952
chr14,74311256,74835544
chr14,74533035,75057323
chr14,74741853,75266141
chr14,74955153,75479441
chr14,75159146,75683434
chr14,75372031,75896319
chr14,75657588,76181876
chr14,75987310,76511598
chr14,76336223,76860511
chr14,76609118,77133406
chr14,76813498,77337786
chr14,77137701,77661989
chr14,77344524,77868812
chr14,77543449,78067737
chr14,77825259,78349547
chr14,78441725,78966013
chr14,78757261,79281549
chr14,79254134,79778422
chr14,79677821,80202109
chr14,79932228,80456516
chr14,80146494,80670782
chr14,80404273,80928561
chr14,80606132,81130420
chr14,80973616,81497904
chr14,81237024,81761312
chr14,82999318,83523606
chr14,84923262,85447550
chr14,85149690,85673978
chr14,85352338,85876626
chr14,86632031,87156319
chr14,87266302,87790590
chr14,87705310,88229598
chr14,87965511,88489799
chr14,88221113,88745401
chr14,88449719,88974007
chr14,88660114,89184402
chr14,88861247,89385535
chr14,89076582,89600870
chr14,89278473,89802761
chr14,89537067,90061355
chr14,89736279,90260567
chr14,89947651,90471939
chr14,90167481,90691769
chr14,90461049,90985337
chr14,90896923,91421211
chr14,91119461,91643749
chr14,91320300,91844588
chr14,91694685,92218973
chr14,91941734,92466022
chr14,92233244,92757532
chr14,92434142,92958430
chr14,92630276,93154564
chr14,92833473,93357761
chr14,93042338,93566626
chr14,93777235,94301523
chr14,94007222,94531510
chr14,94204779,94729067
chr14,94434803,94959091
chr14,94968272,95492560
chr14,95276516,95800804
chr14,95576773,96101061
chr14,95876098,96400386
chr14,96074419,96598707
chr14,96291718,96816006
chr14,96517302,97041590
chr14,96944031,97468319
chr14,97524402,98048690
chr14,98744807,99269095
chr14,99251009,99775297
chr14,99456062,99980350
chr14,99715410,100239698
chr14,99912305,100436593
chr14,100114377,100638665
chr14,100311826,100836114
chr14,100513559,101037847
chr14,100750687,101274975
chr14,101595759,102120047
chr14,101798043,102322331
chr14,102017835,102542123
chr14,102336016,102860304
chr14,102610611,103134899
chr14,102827837,103352125
chr14,103034789,103559077
chr14,103234052,103758340
chr14,103430060,103954348
chr14,103756822,104281110
chr14,104513235,105037523
chr14,104806250,105330538
chr14,105112170,105636458
chr14,105316422,105840710
chr14,105816610,106340898
chr15,19676079,20200367
chr15,20341469,20865757
chr15,20624452,21148740
chr15,21107839,21632127
chr15,22226512,22750800
chr15,22499828,23024116
chr15,22709218,23233506
chr15,22989729,23514017
chr15,23258717,23783005
chr15,23521990,24046278
chr15,24608663,25132951
chr15,25214052,25738340
chr15,25480006,26004294
chr15,25680967,26205255
chr15,25917457,26441745
chr15,26893965,27418253
chr15,27289720,27814008
chr15,27662656,28186944
chr15,27968671,28492959
chr15,28210262,28734550
chr15,28424723,28949011
chr15,28645449,29169737
chr15,28979283,29503571
chr15,29448305,29972593
chr15,29651613,30175901
chr15,29901235,30425523
chr15,30307576,30831864
chr15,30601953,31126241
chr15,30821034,31345322
chr15,31071830,31596118
chr15,31270948,31795236
chr15,31475252,31999540
chr15,32360295,32884583
chr15,32557676,33081964
chr15,32754427,33278715
chr15,32962454,33486742
chr15,33416426,33940714
chr15,33734105,34258393
chr15,33937280,34461568
chr15,34133263,34657551
chr15,34379978,34904266
chr15,34646779,35171067
chr15,34976632,35500920
chr15,35262778,35787066
chr15,35561474,36085762
chr15,36167264,36691552
chr15,36415110,36939398
chr15,36613895,37138183
chr15,36851822,37376110
chr15,37372968,37897256
chr15,37601593,38125881
chr15,37832063,38356351
chr15,38038529,38562817
chr15,38234349,38758637
chr15,38507488,39031776
chr15,38704344,39228632
chr15,38911465,39435753
chr15,39109377,39633665
chr15,39306112,39830400
chr15,39540263,40064551
chr15,39743118,40267406
chr15,39938730,40463018
chr15,40170197,40694485
chr15,40400474,40924762
chr15,40600586,41124874
chr15,40817629,41341917
chr15,41066632,41590920
chr15,41312871,41837159
chr15,41608365,42132653
chr15,41805835,42330123
chr15,42033563,42557851
chr15,42262926,42787214
chr15,42573093,43097381
chr15,42792378,43316666
chr15,43020670,43544958
chr15,43246991,43771279
chr15,43498853,44023141
chr15,43746717,44271005
chr15,43993928,44518216
chr15,44220454,44744742
chr15,44468798,44993086
chr15,44718279,45242567
chr15,44924619,45448907
chr15,45167827,45692115
chr15,45385408,45909696
chr15,45707081,46231369
chr15,45962909,46487197
chr15,46249932,46774220
chr15,47219822,47744110
chr15,47499343,48023631
chr15,47902550,48426838
chr15,48166746,48691034
chr15,48370684,48894972
chr15,48587794,49112082
chr15,48799421,49323709
chr15,49006019,49530307
chr15,49251024,49775312
chr15,49456326,49980614
chr15,49665707,50189995
chr15,49887381,50411669
chr15,50189424,50713712
chr15,50512656,51036944
chr15,50712624,51236912
chr15,50913247,51437535
chr15,51148413,51672701
chr15,51412354,51936642
chr15,51665996,52190284
chr15,51888539,52412827
chr15,52088279,52612567
chr15,52296768,52821056
chr15,52492906,53017194
chr15,54419395,54943683
chr15,55032484,55556772
chr15,55243508,55767796
chr15,55463215,55987503
chr15,55730283,56254571
chr15,56041014,56565302
chr15,56300504,56824792
chr15,56568666,57092954
chr15,56765540,57289828
chr15,56982486,57506774
chr15,57263390,57787678
chr15,57490119,58014407
chr15,57757484,58281772
chr15,57972142,58496430
chr15,58168386,58692674
chr15,58383495,58907783
chr15,58584423,59108711
chr15,58823051,59347339
chr15,59026933,59551221
chr15,59430574,59954862
chr15,59755440,60279728
chr15,59963557,60487845
chr15,60179158,60703446
chr15,60409404,60933692
chr15,60610045,61134333
chr15,60809058,61333346
chr15,61217635,61741923
chr15,61496038,62020326
chr15,61751756,62276044
chr15,61947709,62471997
chr15,62225902,62750190
chr15,62441880,62966168
chr15,62644524,63168812
chr15,62849491,63373779
chr15,63045973,63570261
chr15,63272872,63797160
chr15,63598789,64123077
chr15,63808966,64333254
chr15,64024010,64548298
chr15,64223203,64747491
chr15,64503239,65027527
chr15,64700189,65224477
chr15,64904632,65428920
chr15,65121777,65646065
chr15,65352746,65877034
chr15,65622499,66146787
chr15,66128969,66653257
chr15,66333202,66857490
chr15,66536347,67060635
chr15,66735490,67259778
chr15,66931626,67455914
chr15,67246976,67771264
chr15,67581760,68106048
chr15,67781959,68306247
chr15,68064631,68588919
chr15,68261189,68785477
chr15,68456958,68981246
chr15,68653141,69177429
chr15,68849320,69373608
chr15,69088910,69613198
chr15,69288176,69812464
chr15,69566534,70090822
chr15,69814696,70338984
chr15,70031320,70555608
chr15,70239833,70764121
chr15,70479015,71003303
chr15,70689162,71213450
chr15,70885523,71409811
chr15,71087766,71612054
chr15,71283515,71807803
chr15,71487659,72011947
chr15,71953003,72477291
chr15,72156241,72680529
chr15,72472406,72996694
chr15,72827710,73351998
chr15,73223802,73748090
chr15,73434619,73958907
chr15,73636666,74160954
chr15,73832524,74356812
chr15,74029503,74553791
chr15,74228066,74752354
chr15,74424493,74948781
chr15,74623027,75147315
chr15,74859501,75383789
chr15,75171431,75695719
chr15,75401161,75925449
chr15,75612448,76136736
chr15,75986253,76510541
chr15,76740377,77264665
chr15,76955179,77479467
chr15,77152564,77676852
chr15,77362892,77887180
chr15,77665827,78190115
chr15,77870267,78394555
chr15,78134954,78659242
chr15,78342729,78867017
chr15,78591325,79115613
chr15,78824089,79348377
chr15,79147142,79671430
chr15,79358730,79883018
chr15,79679743,80204031
chr15,79896005,80420293
chr15,80152898,80677186
chr15,80348962,80873250
chr15,80566987,81091275
chr15,80764795,81289083
chr15,80988915,81513203
chr15,81338002,81862290
chr15,81723874,82248162
chr15,81929342,82453630
chr15,82190392,82714680
chr15,82402350,82926638
chr15,82644883,83169171
chr15,82846092,83370380
chr15,83042401,83566689
chr15,83461672,83985960
chr15,83680797,84205085
chr15,83916480,84440768
chr15,84256853,84781141
chr15,84467236,84991524
chr15,84676274,85200562
chr15,84881953,85406241
chr15,85132780,85657068
chr15,85329980,85854268
chr15,85525690,86049978
chr15,86990982,87515270
chr15,87189981,87714269
chr15,87444926,87969214
chr15,87652375,88176663
chr15,87854951,88379239
chr15,88074152,88598440
chr15,88275426,88799714
chr15,88472270,88996558
chr15,88669595,89193883
chr15,88888097,89412385
chr15,89143269,89667557
chr15,89350356,89874644
chr15,89617849,90142137
chr15,89833904,90358192
chr15,90033730,90558018
chr15,90236309,90760597
chr15,90445626,90969914
chr15,90680761,91205049
chr15,91344209,91868497
chr15,91791757,92316045
chr15,92220638,92744926
chr15,92460942,92985230
chr15,92667759,93192047
chr15,92864184,93388472
chr15,93906465,94430753
chr15,94854520,95378808
chr15,95083183,95607471
chr15,95393130,95917418
chr15,95635501,96159789
chr15,95882899,96407187
chr15,96100530,96624818
chr15,96389286,96913574
chr15,96963026,97487314
chr15,97340294,97864582
chr15,97737828,98262116
chr15,97959093,98483381
chr15,98250298,98774586
chr15,98485255,99009543
chr15,98687300,99211588
chr15,98894445,99418733
chr15,99160048,99684336
chr15,99401391,99925679
chr15,99947258,100471546
chr15,100185599,100709887
chr15,100437592,100961880
chr15,100644735,101169023
chr15,100859704,101383992
chr15,101078213,101602501
chr15,101275527,101799815
chr15,101466901,101991189
chr16,167016,691304
chr16,364398,888686
chr16,642909,1167197
chr16,854800,1379088
chr16,1132505,1656793
chr16,1328737,1853025
chr16,1525246,2049534
chr16,1796665,2320953
chr16,1992610,2516898
chr16,2201513,2725801
chr16,2438767,2963055
chr16,2675385,3199673
chr16,2895411,3419699
chr16,3099110,3623398
chr16,3308364,3832652
chr16,3525860,4050148
chr16,3781767,4306055
chr16,4019066,4543354
chr16,4216274,4740562
chr16,4449251,4973539
chr16,4682228,5206516
chr16,4907267,5431555
chr16,5158040,5682328
chr16,5384922,5909210
chr16,5961957,6486245
chr16,8457652,8981940
chr16,8664269,9188557
chr16,8878491,9402779
chr16,9679865,10204153
chr16,9916061,10440349
chr16,10222126,10746414
chr16,10421123,10945411
chr16,10707498,11231786
chr16,10914224,11438512
chr16,11147883,11672171
chr16,11382631,11906919
chr16,11578946,12103234
chr16,11791232,12315520
chr16,11992516,12516804
chr16,12198815,12723103
chr16,12395298,12919586
chr16,12637045,13161333
chr16,13272680,13796968
chr16,13756226,14280514
chr16,13968863,14493151
chr16,14198602,14722890
chr16,14465487,14989775
chr16,14669961,15194249
chr16,14865592,15389880
chr16,15270935,15795223
chr16,15478508,16002796
chr16,15710504,16234792
chr16,15910008,16434296
chr16,16133527,16657815
chr16,17009596,17533884
chr16,17215203,17739491
chr16,17427381,17951669
chr16,17638221,18162509
chr16,18113100,18637388
chr16,18396678,18920966
chr16,18625438,19149726
chr16,18834268,19358556
chr16,19166826,19691114
chr16,19390853,19915141
chr16,19647624,20171912
chr16,20576824,21101112
chr16,20932711,21456999
chr16,21135938,21660226
chr16,21337032,21861320
chr16,21604761,22129049
chr16,21814837,22339125
chr16,22026840,22551128
chr16,22223237,22747525
chr16,22420922,22945210
chr16,22623202,23147490
chr16,22907438,23431726
chr16,23121477,23645765
chr16,23332888,23857176
chr16,24374924,24899212
chr16,24572881,25097169
chr16,24810735,25335023
chr16,25092929,25617217
chr16,25389908,25914196
chr16,26653236,27177524
chr16,27004978,27529266
chr16,27201521,27725809
chr16,27414215,27938503
chr16,27847561,28371849
chr16,28046517,28570805
chr16,28256854,28781142
chr16,28472795,28997083
chr16,28681555,29205843
chr16,28910475,29434763
chr16,29107196,29631484
chr16,29303070,29827358
chr16,29515382,30039670
chr16,29735129,30259417
chr16,29931391,30455679
chr16,30170282,30694570
chr16,30369815,30894103
chr16,30576799,31101087
chr16,30776385,31300673
chr16,30977744,31502032
chr16,31187573,31711861
chr16,31536743,32061031
chr16,46390636,46914924
chr16,46626129,47150417
chr16,46873854,47398142
chr16,47212487,47736775
chr16,47448349,47972637
chr16,47723069,48247357
chr16,47958663,48482951
chr16,48156794,48681082
chr16,48392300,48916588
chr16,48698332,49222620
chr16,49479086,50003374
chr16,49861411,50385699
chr16,50080242,50604530
chr16,50333104,50857392
chr16,50531992,51056280
chr16,50955760,51480048
chr16,51161737,51686025
chr16,51374707,51898995
chr16,51670166,52194454
chr16,52869915,53394203
chr16,53071933,53596221
chr16,53269908,53794196
chr16,53500646,54024934
chr16,53700968,54225256
chr16,53913409,54437697
chr16,54122258,54646546
chr16,54347265,54871553
chr16,54713813,55238101
chr16,54912170,55436458
chr16,55228111,55752399
chr16,55498401,56022689
chr16,56080454,56604742
chr16,56285972,56810260
chr16,56517818,57042106
chr16,56746136,57270424
chr16,56983456,57507744
chr16,57280176,57804464
chr16,57479104,58003392
chr16,57706632,58230920
chr16,57951024,58475312
chr16,58184672,58708960
chr16,58450410,58974698
chr16,58857304,59381592
chr16,59221519,59745807
chr16,59428817,59953105
chr16,59741200,60265488
chr16,59943622,60467910
chr16,63927956,64452244
chr16,64174871,64699159
chr16,64699837,65224125
chr16,64897577,65421865
chr16,65147710,65671998
chr16,65369953,65894241
chr16,65618580,66142868
chr16,65843720,66368008
chr16,66041196,66565484
chr16,66242508,66766796
chr16,66440033,66964321
chr16,66709242,67233530
chr16,66926863,67451151
chr16,67147220,67671508
chr16,67357121,67881409
chr16,67554476,68078764
chr16,67753424,68277712
chr16,67977823,68502111
chr16,68237513,68761801
chr16,68494226,69018514
chr16,68772678,69296966
chr16,68968690,69492978
chr16,69166762,69691050
chr16,69364956,69889244
chr16,69561860,70086148
chr16,69846536,70370824
chr16,70124750,70649038
chr16,70329408,70853696
chr16,70527363,71051651
chr16,70775543,71299831
chr16,71124724,71649012
chr16,71320560,71844848
chr16,71543806,72068094
chr16,71753621,72277909
chr16,72025225,72549513
chr16,72329654,72853942
chr16,72622469,73146757
chr16,72821465,73345753
chr16,73037619,73561907
chr16,73607234,74131522
chr16,74132984,74657272
chr16,74357414,74881702
chr16,74579174,75103462
chr16,74820386,75344674
chr16,75066319,75590607
chr16,75268454,75792742
chr16,75483120,76007408
chr16,77026724,77551012
chr16,77332545,77856833
chr16,77558596,78082884
chr16,77773418,78297706
chr16,78519527,79043815
chr16,79859581,80383869
chr16,80067449,80591737
chr16,80376413,80900701
chr16,80640824,81165112
chr16,80839804,81364092
chr16,81150302,81674590
chr16,81346575,81870863
chr16,81547626,82071914
chr16,81832708,82356996
chr16,82028350,82552638
chr16,82345117,82869405
chr16,82583820,83108108
chr16,82831779,83356067
chr16,83035858,83560146
chr16,83239145,83763433
chr16,83450028,83974316
chr16,83646277,84170565
chr16,83935814,84460102
chr16,84138584,84662872
chr16,84334717,84859005
chr16,84535163,85059451
chr16,84777407,85301695
chr16,84987270,85511558
chr16,85190166,85714454
chr16,85389636,85913924
chr16,85587512,86111800
chr16,86055742,86580030
chr16,86290715,86815003
chr16,86497611,87021899
chr16,86760086,87284374
chr16,86980889,87505177
chr16,87187110,87711398
chr16,87418026,87942314
chr16,87614643,88138931
chr16,87819889,88344177
chr16,88021874,88546162
chr16,88218401,88742689
chr16,88487039,89011327
chr16,88693348,89217636
chr16,88930052,89454340
chr16,89132496,89656784
chr16,89331334,89855622
chr16,89535549,90059837
chr16,89753397,90277685
chr17,245459,769747
chr17,441077,965365
chr17,670655,1194943
chr17,897109,1421397
chr17,1103750,1628038
chr17,1320889,1845177
chr17,1519769,2044057
chr17,1824448,2348736
chr17,2028796,2553084
chr17,2226395,2750683
chr17,2428777,2953065
chr17,2647793,3172081
chr17,2865419,3389707
chr17,3347304,3871592
chr17,3555926,4080214
chr17,3838452,4362740
chr17,4040012,4564300
chr17,4390461,4914749
chr17,4626235,5150523
chr17,4822520,5346808
chr17,5027190,5551478
chr17,5248019,5772307
chr17,5465987,5990275
chr17,5661920,6186208
chr17,5902379,6426667
chr17,6201687,6725975
chr17,6410777,6935065
chr17,6622689,7146977
chr17,6848124,7372412
chr17,7049901,7574189
chr17,7248950,7773238
chr17,7449918,7974206
chr17,7670899,8195187
chr17,7876486,8400774
chr17,8083484,8607772
chr17,8298690,8822978
chr17,8627963,9152251
chr17,9053199,9577487
chr17,9268546,9792834
chr17,9484288,10008576
chr17,9736075,10260363
chr17,9935130,10459418
chr17,10173488,10697776
chr17,10448973,10973261
chr17,11832666,12356954
chr17,12067387,12591675
chr17,12346108,12870396
chr17,12544535,13068823
chr17,12853169,13377457
chr17,13142109,13666397
chr17,13339710,13863998
chr17,13540057,14064345
chr17,13832076,14356364
chr17,14050514,14574802
chr17,14306433,14830721
chr17,14573817,15098105
chr17,14948443,15472731
chr17,15212730,15737018
chr17,15478937,16003225
chr17,15683142,16207430
chr17,15921380,16445668
chr17,16117954,16642242
chr17,16321997,16846285
chr17,16629571,17153859
chr17,16846689,17370977
chr17,17042755,17567043
chr17,17247924,17772212
chr17,17519049,18043337
chr17,17736264,18260552
chr17,17994111,18518399
chr17,18247439,18771727
chr17,18461053,18985341
chr17,18686208,19210496
chr17,18897437,19421725
chr17,19098776,19623064
chr17,19483945,20008233
chr17,19733551,20257839
chr17,20010195,20534483
chr17,20216613,20740901
chr17,20490441,21014729
chr17,20756894,21281182
chr17,20962678,21486966
chr17,21237781,21762069
chr17,26824203,27348491
chr17,27042416,27566704
chr17,27244550,27768838
chr17,27467016,27991304
chr17,27869711,28393999
chr17,28088507,28612795
chr17,28406673,28930961
chr17,28643155,29167443
chr17,28884365,29408653
chr17,29086099,29610387
chr17,29403989,29928277
chr17,29643919,30168207
chr17,29876045,30400333
chr17,30080545,30604833
chr17,30313311,30837599
chr17,30543817,31068105
chr17,30741574,31265862
chr17,30949015,31473303
chr17,31149885,31674173
chr17,31369732,31894020
chr17,31574725,32099013
chr17,31772295,32296583
chr17,31976971,32501259
chr17,32177376,32701664
chr17,32387307,32911595
chr17,32638750,33163038
chr17,32834483,33358771
chr17,33070807,33595095
chr17,33395721,33920009
chr17,34008779,34533067
chr17,34206982,34731270
chr17,34556276,35080564
chr17,34796947,35321235
chr17,35079051,35603339
chr17,35377044,35901332
chr17,35623999,36148287
chr17,35926126,36450414
chr17,36321927,36846215
chr17,36686024,37210312
chr17,37013021,37537309
chr17,37223773,37748061
chr17,37440529,37964817
chr17,37660510,38184798
chr17,38068957,38593245
chr17,38265147,38789435
chr17,38524092,39048380
chr17,38731762,39256050
chr17,38950791,39475079
chr17,39236601,39760889
chr17,39457949,39982237
chr17,39759786,40284074
chr17,39957000,40481288
chr17,40153571,40677859
chr17,40352824,40877112
chr17,40654356,41178644
chr17,40851113,41375401
chr17,41090419,41614707
chr17,41286652,41810940
chr17,41484039,42008327
chr17,41700129,42224417
chr17,41948099,42472387
chr17,42147195,42671483
chr17,42355602,42879890
chr17,42580159,43104447
chr17,42799799,43324087
chr17,43004536,43528824
chr17,43203885,43728173
chr17,43414901,43939189
chr17,43612088,44136376
chr17,43834757,44359045
chr17,44033088,44557376
chr17,44338903,44863191
chr17,44544404,45068692
chr17,44741665,45265953
chr17,44960147,45484435
chr17,45156478,45680766
chr17,45420153,45944441
chr17,45759467,46283755
chr17,45990116,46514404
chr17,46196811,46721099
chr17,46414735,46939023
chr17,46669662,47193950
chr17,46903012,47427300
chr17,47100244,47624532
chr17,47327953,47852241
chr17,47555039,48079327
chr17,47776876,48301164
chr17,48011477,48535765
chr17,48308546,48832834
chr17,48554508,49078796
chr17,48751272,49275560
chr17,48982392,49506680
chr17,49197003,49721291
chr17,49454276,49978564
chr17,49862374,50386662
chr17,50095270,50619558
chr17,50314186,50838474
chr17,50522672,51046960
chr17,50755150,51279438
chr17,50955680,51479968
chr17,51863157,52387445
chr17,53558015,54082303
chr17,54736718,55261006
chr17,54997803,55522091
chr17,55256538,55780826
chr17,55508205,56032493
chr17,55978368,56502656
chr17,56276396,56800684
chr17,56514718,57039006
chr17,56737914,57262202
chr17,56940374,57464662
chr17,57205619,57729907
chr17,57413487,57937775
chr17,57685365,58209653
chr17,57918707,58442995
chr17,58167400,58691688
chr17,58467655,58991943
chr17,58828214,59352502
chr17,59045855,59570143
chr17,59259110,59783398
chr17,59455175,59979463
chr17,59661741,60186029
chr17,59900628,60424916
chr17,60108661,60632949
chr17,60305415,60829703
chr17,60512869,61037157
chr17,60738286,61262574
chr17,60964233,61488521
chr17,61161223,61685511
chr17,61602173,62126461
chr17,61833268,62357556
chr17,62259311,62783599
chr17,62462649,62986937
chr17,62658791,63183079
chr17,62860611,63384899
chr17,63082286,63606574
chr17,63282910,63807198
chr17,63576863,64101151
chr17,63810820,64335108
chr17,64010887,64535175
chr17,64332522,64856810
chr17,64529823,65054111
chr17,64755487,65279775
chr17,64959026,65483314
chr17,65168512,65692800
chr17,65389391,65913679
chr17,65619478,66143766
chr17,66027259,66551547
chr17,66256494,66780782
chr17,66488730,67013018
chr17,66788182,67312470
chr17,66986685,67510973
chr17,67201790,67726078
chr17,67398024,67922312
chr17,67661907,68186195
chr17,67871873,68396161
chr17,68070412,68594700
chr17,68272028,68796316
chr17,68533714,69058002
chr17,68744582,69268870
chr17,68977701,69501989
chr17,69240006,69764294
chr17,69444284,69968572
chr17,69646371,70170659
chr17,69940549,70464837
chr17,70149124,70673412
chr17,70741434,71265722
chr17,71024591,71548879
chr17,71245950,71770238
chr17,71467642,71991930
chr17,71736886,72261174
chr17,71956271,72480559
chr17,72170378,72694666
chr17,72375741,72900029
chr17,72661917,73186205
chr17,72879812,73404100
chr17,73122757,73647045
chr17,73878874,74403162
chr17,74348092,74872380
chr17,74603767,75128055
chr17,74817768,75342056
chr17,75017768,75542056
chr17,75229361,75753649
chr17,75469416,75993704
chr17,75667664,76191952
chr17,75884275,76408563
chr17,76087530,76611818
chr17,76283728,76808016
chr17,76507159,77031447
chr17,76703263,77227551
chr17,76924128,77448416
chr17,77121226,77645514
chr17,77438133,77962421
chr17,77665924,78190212
chr17,77865933,78390221
chr17,78136588,78660876
chr17,78368495,78892783
chr17,78572780,79097068
chr17,78770307,79294595
chr17,79629530,80153818
chr17,79829137,80353425
chr17,80055612,80579900
chr17,80251317,80775605
chr17,80483311,81007599
chr17,80689321,81213609
chr17,80900344,81424632
chr17,81131342,81655630
chr17,81345935,81870223
chr17,81668157,82192445
chr17,81996212,82520500
chr17,82231948,82756236
chr17,82428771,82953059
chr17,82695562,83219850
chr18,104013,628301
chr18,307873,832161
chr18,536449,1060737
chr18,2075501,2599789
chr18,2351808,2876096
chr18,2682152,3206440
chr18,2940481,3464769
chr18,3140589,3664877
chr18,3415247,3939535
chr18,3630304,4154592
chr18,3840072,4364360
chr18,5073421,5597709
chr18,5298947,5823235
chr18,5891860,6416148
chr18,6459881,6984169
chr18,6873936,7398224
chr18,7109187,7633475
chr18,7401841,7926129
chr18,7738011,8262299
chr18,7952708,8476996
chr18,8177294,8701582
chr18,8444339,8968627
chr18,8644545,9168833
chr18,8852488,9376776
chr18,9156565,9680853
chr18,9367968,9892256
chr18,9566856,10091144
chr18,9778560,10302848
chr18,9974184,10498472
chr18,10185781,10710069
chr18,10395957,10920245
chr18,10762440,11286728
chr18,11010861,11535149
chr18,11246537,11770825
chr18,11643965,12168253
chr18,11877071,12401359
chr18,12091090,12615378
chr18,12433073,12957361
chr18,12671977,13196265
chr18,12871110,13395398
chr18,13210781,13735069
chr18,13412925,13937213
chr18,13967041,14491329
chr18,14305613,14829901
chr18,14603831,15128119
chr18,14806885,15331173
chr18,20840311,21364599
chr18,21226462,21750750
chr18,21435623,21959911
chr18,22005687,22529975
chr18,22221290,22745578
chr18,22437271,22961559
chr18,22658011,23182299
chr18,22866648,23390936
chr18,23062877,23587165
chr18,23273331,23797619
chr18,23487461,24011749
chr18,23693999,24218287
chr18,23974402,24498690
chr18,24234272,24758560
chr18,24468647,24992935
chr18,24704973,25229261
chr18,24933298,25457586
chr18,25135014,25659302
chr18,25482778,26007066
chr18,25777802,26302090
chr18,26061841,26586129
chr18,26284794,26809082
chr18,27551065,28075353
chr18,27757622,28281910
chr18,28012060,28536348
chr18,28571711,29095999
chr18,28989159,29513447
chr18,29336977,29861265
chr18,29588968,30113256
chr18,31778267,32302555
chr18,32185742,32710030
chr18,32756917,33281205
chr18,34329100,34853388
chr18,34532838,35057126
chr18,34765263,35289551
chr18,35076407,35600695
chr18,35274340,35798628
chr18,35470182,35994470
chr18,35807680,36331968
chr18,36012047,36536335
chr18,36212014,36736302
chr18,36407934,36932222
chr18,36604633,37128921
chr18,37135075,37659363
chr18,39289887,39814175
chr18,39635704,40159992
chr18,40207923,40732211
chr18,40701998,41226286
chr18,40909701,41433989
chr18,41160423,41684711
chr18,41478884,42003172
chr18,41707740,42232028
chr18,41949985,42474273
chr18,43498151,44022439
chr18,44414994,44939282
chr18,44662488,45186776
chr18,44886437,45410725
chr18,45084102,45608390
chr18,45402582,45926870
chr18,45599601,46123889
chr18,45799167,46323455
chr18,46005380,46529668
chr18,46508558,47032846
chr18,46752519,47276807
chr18,46985605,47509893
chr18,47254316,47778604
chr18,47719570,48243858
chr18,47989750,48514038
chr18,48306567,48830855
chr18,48510175,49034463
chr18,48708893,49233181
chr18,48931359,49455647
chr18,49157386,49681674
chr18,49445483,49969771
chr18,49648407,50172695
chr18,49933467,50457755
chr18,50210410,50734698
chr18,50714320,51238608
chr18,50912733,51437021
chr18,51358245,51882533
chr18,53631680,54155968
chr18,53859760,54384048
chr18,54058993,54583281
chr18,54525791,55050079
chr18,54742265,55266553
chr18,54951300,55475588
chr18,55150747,55675035
chr18,55346378,55870666
chr18,55542240,56066528
chr18,55819002,56343290
chr18,56035816,56560104
chr18,56238503,56762791
chr18,56473884,56998172
chr18,56726316,57250604
chr18,57374453,57898741
chr18,57573208,58097496
chr18,57833712,58358000
chr18,58032528,58556816
chr18,58228977,58753265
chr18,58426522,58950810
chr18,58625309,59149597
chr18,58828520,59352808
chr18,59064447,59588735
chr18,59284180,59808468
chr18,59482519,60006807
chr18,59683500,60207788
chr18,59880626,60404914
chr18,61234589,61758877
chr18,61437183,61961471
chr18,61666883,62191171
chr18,61862812,62387100
chr18,62117844,62642132
chr18,62360658,62884946
chr18,62595321,63119609
chr18,62878907,63403195
chr18,63171142,63695430
chr18,63388676,63912964
chr18,63597884,64122172
chr18,63805442,64329730
chr18,67101522,67625810
chr18,67345282,67869570
chr18,67565170,68089458
chr18,67766674,68290962
chr18,68013654,68537942
chr18,68227479,68751767
chr18,68550159,69074447
chr18,69787349,70311637
chr18,70017021,70541309
chr18,70219317,70743605
chr18,73202468,73726756
chr18,73398786,73923074
chr18,73730191,74254479
chr18,73950723,74475011
chr18,74187007,74711295
chr18,74433359,74957647
chr18,74632519,75156807
chr18,74830345,75354633
chr18,75033829,75558117
chr18,75241553,75765841
chr18,75474594,75998882
chr18,75812550,76336838
chr18,76198982,76723270
chr18,76399645,76923933
chr18,76641339,77165627
chr18,76890258,77414546
chr18,78467672,78991960
chr18,78904173,79428461
chr18,79197451,79721739
chr18,79403856,79928144
chr18,79601616,80125904
chr18,79801132,80325420
chr19,126147,650435
chr19,321856,846144
chr19,587183,1111471
chr19,788764,1313052
chr19,990527,1514815
chr19,1190216,1714504
chr19,1427576,1951864
chr19,1683321,2207609
chr19,1885386,2409674
chr19,2105758,2630046
chr19,2310790,2835078
chr19,2546921,3071209
chr19,2780901,3305189
chr19,2977474,3501762
chr19,3182242,3706530
chr19,3388909,3913197
chr19,3597060,4121348
chr19,3802118,4326406
chr19,4017908,4542196
chr19,4226371,4750659
chr19,4470210,4994498
chr19,4666803,5191091
chr19,4867674,5391962
chr19,5128270,5652558
chr19,5457317,5981605
chr19,5664285,6188573
chr19,5865697,6389985
chr19,6068704,6592992
chr19,6352045,6876333
chr19,6556139,7080427
chr19,6784128,7308416
chr19,6995012,7519300
chr19,7204539,7728827
chr19,7464932,7989220
chr19,7668984,8193272
chr19,8144254,8668542
chr19,8349141,8873429
chr19,8667563,9191851
chr19,8976218,9500506
chr19,9243050,9767338
chr19,9457025,9981313
chr19,9654000,10178288
chr19,9853763,10378051
chr19,10060594,10584882
chr19,10259515,10783803
chr19,10461610,10985898
chr19,10672077,11196365
chr19,10920927,11445215
chr19,11159958,11684246
chr19,11365211,11889499
chr19,11572784,12097072
chr19,11800766,12325054
chr19,11998807,12523095
chr19,12200749,12725037
chr19,12446246,12970534
chr19,12768996,13293284
chr19,12967137,13491425
chr19,13235293,13759581
chr19,13454918,13979206
chr19,13667074,14191362
chr19,13878673,14402961
chr19,14084976,14609264
chr19,14311350,14835638
chr19,14525567,15049855
chr19,14724463,15248751
chr19,14942751,15467039
chr19,15139050,15663338
chr19,15672088,16196376
chr19,15876593,16400881
chr19,16119256,16643544
chr19,16331618,16855906
chr19,16569901,17094189
chr19,16909227,17433515
chr19,17141587,17665875
chr19,17343409,17867697
chr19,17553479,18077767
chr19,17768497,18292785
chr19,17988452,18512740
chr19,18200380,18724668
chr19,18407116,18931404
chr19,18612268,19136556
chr19,18857243,19381531
chr19,19108423,19632711
chr19,19321242,19845530
chr19,19611900,20136188
chr19,19874603,20398891
chr19,20073826,20598114
chr19,20401317,20925605
chr19,20612081,21136369
chr19,20856438,21380726
chr19,21164863,21689151
chr19,21603102,22127390
chr19,21888293,22412581
chr19,22952794,23477082
chr19,23230975,23755263
chr19,23522593,24046881
chr19,23750652,24274940
chr19,27628823,28153111
chr19,28125746,28650034
chr19,28536969,29061257
chr19,28741572,29265860
chr19,29048224,29572512
chr19,29412167,29936455
chr19,29681193,30205481
chr19,30060680,30584968
chr19,30370565,30894853
chr19,30902430,31426718
chr19,31121710,31645998
chr19,32181791,32706079
chr19,32417404,32941692
chr19,32712359,33236647
chr19,32917059,33441347
chr19,33118010,33642298
chr19,33351384,33875672
chr19,33630943,34155231
chr19,33966563,34490851
chr19,34194746,34719034
chr19,34503336,35027624
chr19,34795931,35320219
chr19,35032047,35556335
chr19,35241518,35765806
chr19,35448732,35973020
chr19,35735022,36259310
chr19,35950366,36474654
chr19,36167220,36691508
chr19,36363722,36888010
chr19,36608631,37132919
chr19,36809371,37333659
chr19,37008201,37532489
chr19,37206374,37730662
chr19,37430678,37954966
chr19,37743456,38267744
chr19,38106316,38630604
chr19,38380066,38904354
chr19,38627067,39151355
chr19,38828816,39353104
chr19,39177346,39701634
chr19,39375237,39899525
chr19,39660674,40184962
chr19,39891845,40416133
chr19,40104180,40628468
chr19,40301089,40825377
chr19,40499338,41023626
chr19,41042083,41566371
chr19,41262847,41787135
chr19,41537646,42061934
chr19,41771940,42296228
chr19,42027400,42551688
chr19,42232421,42756709
chr19,42464620,42988908
chr19,42669115,43193403
chr19,42864928,43389216
chr19,43060812,43585100
chr19,43274355,43798643
chr19,43503821,44028109
chr19,43737327,44261615
chr19,43947653,44471941
chr19,44192212,44716500
chr19,44422985,44947273
chr19,44681439,45205727
chr19,44914621,45438909
chr19,45206580,45730868
chr19,45404422,45928710
chr19,45602929,46127217
chr19,45831343,46355631
chr19,46107416,46631704
chr19,46365669,46889957
chr19,46566604,47090892
chr19,46767937,47292225
chr19,46966136,47490424
chr19,47185251,47709539
chr19,47434487,47958775
chr19,47927484,48451772
chr19,48128360,48652648
chr19,48331635,48855923
chr19,48535042,49059330
chr19,48735709,49259997
chr19,48954244,49478532
chr19,49196996,49721284
chr19,49409025,49933313
chr19,49644735,50169023
chr19,49860662,50384950
chr19,50136958,50661246
chr19,50346556,50870844
chr19,50556356,51080644
chr19,50943904,51468192
chr19,51175138,51699426
chr19,51407120,51931408
chr19,51620506,52144794
chr19,51822327,52346615
chr19,52024899,52549187
chr19,52233702,52757990
chr19,52436550,52960838
chr19,52657105,53181393
chr19,52922578,53446866
chr19,53168888,53693176
chr19,53373027,53897315
chr19,53649573,54173861
chr19,53855453,54379741
chr19,54083475,54607763
chr19,54284496,54808784
chr19,54923488,55447776
chr19,55120329,55644617
chr19,55320308,55844596
chr19,55515935,56040223
chr19,55916769,56441057
chr19,56150429,56674717
chr19,56373871,56898159
chr19,57026915,57551203
chr19,57225910,57750198
chr19,57423172,57947460
chr19,57637945,58162233
chr19,57837863,58362151
chr19,58064073,58588361
chr2,100752,625040
chr2,403767,928055
chr2,726468,1250756
chr2,928067,1452355
chr2,1389326,1913614
chr2,1627810,2152098
chr2,2107037,2631325
chr2,2967430,3491718
chr2,3213199,3737487
chr2,3410659,3934947
chr2,3620921,4145209
chr2,5464232,5988520
chr2,6017667,6541955
chr2,6248809,6773097
chr2,6623566,7147854
chr2,6847175,7371463
chr2,7352741,7877029
chr2,7572341,8096629
chr2,7775702,8299990
chr2,7974698,8498986
chr2,8283738,8808026
chr2,8498044,9022332
chr2,8820152,9344440
chr2,9027199,9551487
chr2,9228567,9752855
chr2,9430314,9954602
chr2,9635903,10160191
chr2,9872177,10396465
chr2,10113925,10638213
chr2,10318607,10842895
chr2,10525425,11049713
chr2,10734064,11258352
chr2,10968646,11492934
chr2,11165349,11689637
chr2,11419705,11943993
chr2,11621142,12145430
chr2,11832137,12356425
chr2,12038382,12562670
chr2,12278128,12802416
chr2,12522364,13046652
chr2,12720718,13245006
chr2,13657300,14181588
chr2,14257072,14781360
chr2,14592284,15116572
chr2,14878318,15402606
chr2,15196283,15720571
chr2,15396873,15921161
chr2,15842424,16366712
chr2,16937197,17461485
chr2,17135686,17659974
chr2,17419014,17943302
chr2,17770332,18294620
chr2,18045709,18569997
chr2,18249132,18773420
chr2,18459218,18983506
chr2,18665139,19189427
chr2,18865256,19389544
chr2,19091563,19615851
chr2,19372398,19896686
chr2,19569425,20093713
chr2,19769543,20293831
chr2,19977005,20501293
chr2,20183553,20707841
chr2,20397208,20921496
chr2,20658564,21182852
chr2,21252381,21776669
chr2,21607893,22132181
chr2,23122244,23646532
chr2,23359811,23884099
chr2,23593477,24117765
chr2,23851043,24375331
chr2,24081376,24605664
chr2,24290192,24814480
chr2,24538356,25062644
chr2,24755104,25279392
chr2,25085785,25610073
chr2,25352397,25876685
chr2,25643589,26167877
chr2,25844657,26368945
chr2,26078657,26602945
chr2,26274660,26798948
chr2,26476609,27000897
chr2,26806101,27330389
chr2,27020977,27545265
chr2,27216843,27741131
chr2,27418909,27943197
chr2,27615157,28139445
chr2,27813433,28337721
chr2,28021471,28545759
chr2,28223117,28747405
chr2,28420371,28944659
chr2,28637575,29161863
chr2,28911998,29436286
chr2,29109298,29633586
chr2,29331028,29855316
chr2,29536722,30061010
chr2,29860884,30385172
chr2,30068607,30592895
chr2,30282663,30806951
chr2,30500503,31024791
chr2,31070497,31594785
chr2,31276954,31801242
chr2,31531747,32056035
chr2,31823707,32347995
chr2,32113303,32637591
chr2,32314561,32838849
chr2,32546673,33070961
chr2,32751994,33276282
chr2,32963139,33487427
chr2,33189613,33713901
chr2,33413179,33937467
chr2,33623064,34147352
chr2,33940565,34464853
chr2,36113275,36637563
chr2,36313598,36837886
chr2,36531507,37055795
chr2,36787576,37311864
chr2,36992107,37516395
chr2,37212349,37736637
chr2,37409658,37933946
chr2,37605414,38129702
chr2,37852421,38376709
chr2,38129102,38653390
chr2,38435161,38959449
chr2,38663666,39187954
chr2,38869347,39393635
chr2,39149234,39673522
chr2,39345901,39870189
chr2,39560910,40085198
chr2,39765566,40289854
chr2,39963354,40487642
chr2,40168072,40692360
chr2,40392359,40916647
chr2,41545619,42069907
chr2,41745640,42269928
chr2,41941659,42465947
chr2,42150720,42675008
chr2,42405186,42929474
chr2,42644980,43169268
chr2,42874420,43398708
chr2,43087232,43611520
chr2,43293556,43817844
chr2,43573422,44097710
chr2,43831178,44355466
chr2,44187434,44711722
chr2,44384417,44908705
chr2,44795093,45319381
chr2,45009018,45533306
chr2,45288970,45813258
chr2,45485569,46009857
chr2,45685523,46209811
chr2,45899027,46423315
chr2,46133225,46657513
chr2,46329066,46853354
chr2,46526181,47050469
chr2,46722725,47247013
chr2,46924597,47448885
chr2,47125039,47649327
chr2,47337461,47861749
chr2,47618237,48142525
chr2,47942144,48466432
chr2,48149708,48673996
chr2,48365511,48889799
chr2,48574173,49098461
chr2,49084163,49608451
chr2,51618968,52143256
chr2,51830692,52354980
chr2,52923435,53447723
chr2,53281442,53805730
chr2,53588028,54112316
chr2,53803818,54328106
chr2,54043914,54568202
chr2,54291458,54815746
chr2,54489325,55013613
chr2,54695869,55220157
chr2,54929346,55453634
chr2,55244505,55768793
chr2,55452884,55977172
chr2,55677602,56201890
chr2,56021298,56545586
chr2,56367625,56891913
chr2,56577050,57101338
chr2,57209590,57733878
chr2,57556825,58081113
chr2,57779500,58303788
chr2,58076864,58601152
chr2,58376370,58900658
chr2,58735263,59259551
chr2,60251196,60775484
chr2,60546435,61070723
chr2,60762121,61286409
chr2,60980480,61504768
chr2,61259321,61783609
chr2,61456465,61980753
chr2,61689574,62213862
chr2,61983091,62507379
chr2,62247123,62771411
chr2,62496141,63020429
chr2,62775825,63300113
chr2,63424297,63948585
chr2,63625207,64149495
chr2,63854373,64378661
chr2,64063790,64588078
chr2,64289356,64813644
chr2,64485520,65009808
chr2,64690377,65214665
chr2,64892723,65417011
chr2,65135853,65660141
chr2,65381404,65905692
chr2,66268821,66793109
chr2,66501176,67025464
chr2,66699310,67223598
chr2,66996029,67520317
chr2,67225386,67749674
chr2,67451732,67976020
chr2,67661032,68185320
chr2,67864000,68388288
chr2,68066528,68590816
chr2,68302531,68826819
chr2,68563483,69087771
chr2,68771962,69296250
chr2,68973075,69497363
chr2,69175957,69700245
chr2,69374729,69899017
chr2,69577165,70101453
chr2,69773060,70297348
chr2,69971566,70495854
chr2,70179746,70704034
chr2,70377301,70901589
chr2,70665025,71189313
chr2,70903687,71427975
chr2,71161421,71685709
chr2,71367199,71891487
chr2,71578460,72102748
chr2,71778869,72303157
chr2,72034701,72558989
chr2,72293814,72818102
chr2,72630231,73154519
chr2,72899437,73423725
chr2,73221100,73745388
chr2,73438858,73963146
chr2,73664970,74189258
chr2,73861976,74386264
chr2,74059584,74583872
chr2,74256997,74781285
chr2,74494051,75018339
chr2,74691681,75215969
chr2,74891411,75415699
chr2,75112434,75636722
chr2,75336740,75861028
chr2,75546108,76070396
chr2,79559432,80083720
chr2,79850860,80375148
chr2,80325284,80849572
chr2,82673489,83197777
chr2,82890810,83415098
chr2,83200955,83725243
chr2,83421364,83945652
chr2,84271045,84795333
chr2,84537438,85061726
chr2,84734065,85258353
chr2,84947697,85471985
chr2,85148655,85672943
chr2,85372108,85896396
chr2,85570826,86095114
chr2,85769702,86293990
chr2,86030458,86554746
chr2,86276122,86800410
chr2,86539764,87064052
chr2,86822050,87346338
chr2,87151228,87675516
chr2,87346920,87871208
chr2,87576450,88100738
chr2,87852326,88376614
chr2,88063607,88587895
chr2,88435870,88960158
chr2,89043969,89568257
chr2,89810111,90334399
chr2,91385149,91909437
chr2,91600532,92124820
chr2,91867994,92392282
chr2,94957094,95481382
chr2,95152766,95677054
chr2,95361864,95886152
chr2,95747552,96271840
chr2,95983753,96508041
chr2,96259512,96783800
chr2,96473332,96997620
chr2,96703888,97228176
chr2,96930822,97455110
chr2,97386607,97910895
chr2,97705450,98229738
chr2,98169818,98694106
chr2,98387907,98912195
chr2,98641495,99165783
chr2,98990376,99514664
chr2,99234804,99759092
chr2,99484427,100008715
chr2,99703130,100227418
chr2,99918070,100442358
chr2,100117420,100641708
chr2,100398267,100922555
chr2,100602745,101127033
chr2,100800137,101324425
chr2,101088120,101612408
chr2,101283744,101808032
chr2,101532678,102056966
chr2,101794238,102318526
chr2,101991401,102515689
chr2,102553282,103077570
chr2,104435831,104960119
chr2,104873444,105397732
chr2,105094233,105618521
chr2,105291014,105815302
chr2,105571486,106095774
chr2,105813470,106337758
chr2,106028981,106553269
chr2,106233473,106757761
chr2,106779868,107304156
chr2,107470012,107994300
chr2,108051867,108576155
chr2,108249288,108773576
chr2,108448427,108972715
chr2,108757700,109281988
chr2,108961101,109485389
chr2,109157634,109681922
chr2,109390213,109914501
chr2,109617103,110141391
chr2,109835116,110359404
chr2,110040334,110564622
chr2,110278032,110802320
chr2,110510633,111034921
chr2,110907456,111431744
chr2,111110996,111635284
chr2,111307683,111831971
chr2,111511384,112035672
chr2,111719258,112243546
chr2,111928191,112452479
chr2,112198196,112722484
chr2,112418464,112942752
chr2,112620532,113144820
chr2,112890958,113415246
chr2,113120037,113644325
chr2,113373448,113897736
chr2,113591613,114115901
chr2,113798501,114322789
chr2,117610279,118134567
chr2,117808152,118332440
chr2,118021842,118546130
chr2,118223173,118747461
chr2,118501454,119025742
chr2,118749481,119273769
chr2,119031887,119556175
chr2,119515298,120039586
chr2,119848337,120372625
chr2,120059554,120583842
chr2,120289753,120814041
chr2,120488464,121012752
chr2,120702821,121227109
chr2,120911243,121435531
chr2,121195798,121720086
chr2,121397940,121922228
chr2,121695981,122220269
chr2,122014847,122539135
chr2,122470354,122994642
chr2,124090104,124614392
chr2,125003328,125527616
chr2,126491360,127015648
chr2,126843276,127367564
chr2,127053287,127577575
chr2,127249436,127773724
chr2,127450301,127974589
chr2,127646442,128170730
chr2,127862543,128386831
chr2,128072302,128596590
chr2,128308890,128833178
chr2,128644460,129168748
chr2,129113139,129637427
chr2,129602154,130126442
chr2,130004847,130529135
chr2,130207641,130731929
chr2,130659842,131184130
chr2,130891274,131415562
chr2,131327201,131851489
chr2,131522855,132047143
chr2,132042586,132566874
chr2,132251587,132775875
chr2,132458929,132983217
chr2,132738771,133263059
chr2,132966963,133491251
chr2,133162621,133686909
chr2,133403065,133927353
chr2,133622800,134147088
chr2,133954513,134478801
chr2,134183918,134708206
chr2,134654444,135178732
chr2,134888150,135412438
chr2,135366277,135890565
chr2,135577723,136102011
chr2,135784385,136308673
chr2,136055601,136579889
chr2,136991778,137516066
chr2,137793187,138317475
chr2,138103004,138627292
chr2,138337028,138861316
chr2,138543589,139067877
chr2,140658289,141182577
chr2,140856657,141380945
chr2,141167263,141691551
chr2,141393643,141917931
chr2,141758827,142283115
chr2,142021587,142545875
chr2,142577896,143102184
chr2,142919759,143444047
chr2,143234023,143758311
chr2,143566289,144090577
chr2,143771675,144295963
chr2,143968371,144492659
chr2,144167458,144691746
chr2,144387083,144911371
chr2,144637344,145161632
chr2,144843440,145367728
chr2,145065974,145590262
chr2,145428593,145952881
chr2,145979555,146503843
chr2,146775915,147300203
chr2,147679360,148203648
chr2,148054888,148579176
chr2,148450306,148974594
chr2,148841014,149365302
chr2,149114158,149638446
chr2,149397853,149922141
chr2,149603574,150127862
chr2,149877601,150401889
chr2,150108264,150632552
chr2,150305747,150830035
chr2,150509668,151033956
chr2,150722865,151247153
chr2,150947814,151472102
chr2,151151110,151675398
chr2,151607167,152131455
chr2,151898415,152422703
chr2,152170534,152694822
chr2,152378487,152902775
chr2,152597823,153122111
chr2,153978894,154503182
chr2,156167976,156692264
chr2,156372933,156897221
chr2,156866505,157390793
chr2,157065188,157589476
chr2,157304879,157829167
chr2,157528304,158052592
chr2,157730683,158254971
chr2,158227513,158751801
chr2,158435529,158959817
chr2,158721490,159245778
chr2,158919055,159443343
chr2,159122879,159647167
chr2,159333074,159857362
chr2,159547651,160071939
chr2,159781860,160306148
chr2,159992119,160516407
chr2,160187951,160712239
chr2,160411210,160935498
chr2,160672339,161196627
chr2,160868681,161392969
chr2,161143740,161668028
chr2,161826978,162351266
chr2,162031130,162555418
chr2,162993003,163517291
chr2,163501946,164026234
chr2,164492586,165016874
chr2,164731970,165256258
chr2,165560925,166085213
chr2,165788970,166313258
chr2,166065447,166589735
chr2,166428740,166953028
chr2,166976236,167500524
chr2,167838136,168362424
chr2,168046753,168571041
chr2,168291520,168815808
chr2,168603414,169127702
chr2,169298895,169823183
chr2,169529831,170054119
chr2,169797399,170321687
chr2,169994741,170519029
chr2,170361085,170885373
chr2,170574579,171098867
chr2,170809482,171333770
chr2,171021992,171546280
chr2,171239532,171763820
chr2,171450834,171975122
chr2,171729681,172253969
chr2,171931848,172456136
chr2,172264463,172788751
chr2,172475349,172999637
chr2,172672034,173196322
chr2,172884354,173408642
chr2,173190326,173714614
chr2,173389079,173913367
chr2,173775803,174300091
chr2,174083732,174608020
chr2,174309916,174834204
chr2,174517582,175041870
chr2,174737055,175261343
chr2,174933469,175457757
chr2,175435916,175960204
chr2,175673183,176197471
chr2,175932365,176456653
chr2,176255062,176779350
chr2,176473097,176997385
chr2,177000245,177524533
chr2,177228044,177752332
chr2,177454011,177978299
chr2,177908683,178432971
chr2,178113700,178637988
chr2,178314018,178838306
chr2,178699856,179224144
chr2,178941154,179465442
chr2,179289598,179813886
chr2,179799791,180324079
chr2,180020189,180544477
chr2,180221549,180745837
chr2,180454103,180978391
chr2,180659616,181183904
chr2,180872305,181396593
chr2,181190272,181714560
chr2,181577339,182101627
chr2,181785112,182309400
chr2,182064942,182589230
chr2,182340969,182865257
chr2,182551509,183075797
chr2,182750634,183274922
chr2,182960259,183484547
chr2,184433177,184957465
chr2,186321595,186845883
chr2,186530224,187054512
chr2,187337055,187861343
chr2,188035267,188559555
chr2,188246853,188771141
chr2,188445675,188969963
chr2,188647466,189171754
chr2,188849964,189374252
chr2,189045601,189569889
chr2,189243109,189767397
chr2,189445180,189969468
chr2,189654845,190179133
chr2,189959508,190483796
chr2,190155124,190679412
chr2,190369900,190894188
chr2,190595898,191120186
chr2,190807043,191331331
chr2,191003233,191527521
chr2,191201735,191726023
chr2,191407789,191932077
chr2,191660767,192185055
chr2,191984807,192509095
chr2,195156106,195680394
chr2,195356745,195881033
chr2,195656504,196180792
chr2,195904242,196428530
chr2,196104283,196628571
chr2,196314737,196839025
chr2,196538163,197062451
chr2,196762008,197286296
chr2,196972855,197497143
chr2,197270333,197794621
chr2,197484448,198008736
chr2,197708974,198233262
chr2,198207854,198732142
chr2,198475032,198999320
chr2,198709924,199234212
chr2,198936374,199460662
chr2,199139153,199663441
chr2,199746591,200270879
chr2,199958100,200482388
chr2,200153829,200678117
chr2,200361518,200885806
chr2,200583170,201107458
chr2,200780285,201304573
chr2,200982284,201506572
chr2,201192758,201717046
chr2,201455095,201979383
chr2,201682806,202207094
chr2,201900182,202424470
chr2,202101655,202625943
chr2,202470244,202994532
chr2,202706819,203231107
chr2,203074303,203598591
chr2,203281402,203805690
chr2,203485795,204010083
chr2,204092915,204617203
chr2,204289639,204813927
chr2,204500405,205024693
chr2,204728421,205252709
chr2,205033648,205557936
chr2,205241354,205765642
chr2,205472566,205996854
chr2,205724410,206248698
chr2,205920473,206444761
chr2,206288236,206812524
chr2,206601422,207125710
chr2,206844105,207368393
chr2,207055612,207579900
chr2,207259974,207784262
chr2,207460168,207984456
chr2,207705482,208229770
chr2,208089839,208614127
chr2,209308129,209832417
chr2,209837878,210362166
chr2,210311993,210836281
chr2,211887871,212412159
chr2,212258109,212782397
chr2,212519641,213043929
chr2,212741827,213266115
chr2,212954797,213479085
chr2,213669757,214194045
chr2,213904879,214429167
chr2,214643826,215168114
chr2,214941821,215466109
chr2,215147386,215671674
chr2,215356942,215881230
chr2,215563543,216087831
chr2,215766733,216291021
chr2,215978209,216502497
chr2,216175641,216699929
chr2,216371671,216895959
chr2,216610688,217134976
chr2,216883256,217407544
chr2,217106277,217630565
chr2,217346261,217870549
chr2,217543054,218067342
chr2,217740055,218264343
chr2,218005036,218529324
chr2,218203197,218727485
chr2,218403693,218927981
chr2,218617455,219141743
chr2,218935558,219459846
chr2,219144442,219668730
chr2,219357585,219881873
chr2,219748352,220272640
chr2,219979565,220503853
chr2,220269920,220794208
chr2,220671789,221196077
chr2,220940104,221464392
chr2,221182511,221706799
chr2,221407844,221932132
chr2,222126112,222650400
chr2,222408268,222932556
chr2,222632734,223157022
chr2,222829903,223354191
chr2,223148727,223673015
chr2,223384732,223909020
chr2,223596237,224120525
chr2,223792185,224316473
chr2,223998240,224522528
chr2,224247962,224772250
chr2,224514333,225038621
chr2,224718172,225242460
chr2,224925762,225450050
chr2,225190047,225714335
chr2,225730205,226254493
chr2,225950358,226474646
chr2,226260947,226785235
chr2,226479658,227003946
chr2,226722135,227246423
chr2,227160564,227684852
chr2,227458754,227983042
chr2,227654896,228179184
chr2,228208302,228732590
chr2,228435672,228959960
chr2,228657141,229181429
chr2,228965612,229489900
chr2,229175797,229700085
chr2,229422400,229946688
chr2,229651289,230175577
chr2,229853692,230377980
chr2,230055803,230580091
chr2,230251625,230775913
chr2,230451085,230975373
chr2,230647131,231171419
chr2,230892372,231416660
chr2,231132248,231656536
chr2,231349774,231874062
chr2,231545658,232069946
chr2,231796926,232321214
chr2,232097848,232622136
chr2,232385970,232910258
chr2,232617994,233142282
chr2,232823959,233348247
chr2,233086993,233611281
chr2,233322655,233846943
chr2,233535772,234060060
chr2,233800603,234324891
chr2,234038885,234563173
chr2,234239240,234763528
chr2,234466874,234991162
chr2,234674596,235198884
chr2,234884897,235409185
chr2,235099569,235623857
chr2,235303260,235827548
chr2,235538662,236062950
chr2,235775876,236300164
chr2,236014961,236539249
chr2,236403969,236928257
chr2,236605375,237129663
chr2,236808256,237332544
chr2,237005763,237530051
chr2,237204453,237728741
chr2,237435859,237960147
chr2,237702014,238226302
chr2,237991431,238515719
chr2,238205198,238729486
chr2,238432775,238957063
chr2,238647331,239171619
chr2,239057741,239582029
chr2,239270205,239794493
chr2,239466289,239990577
chr2,239762581,240286869
chr2,239971408,240495696
chr2,240205536,240729824
chr2,240401199,240925487
chr2,240749087,241273375
chr2,240986631,241510919
chr2,241190885,241715173
chr2,241395850,241920138
chr20,126305,650593
chr20,364806,889094
chr20,665765,1190053
chr20,953964,1478252
chr20,1161261,1685549
chr20,1402019,1926307
chr20,1612899,2137187
chr20,1937223,2461511
chr20,2137064,2661352
chr20,2344703,2868991
chr20,2650206,3174494
chr20,2881283,3405571
chr20,3148406,3672694
chr20,3407660,3931948
chr20,3603891,4128179
chr20,3816437,4340725
chr20,4061282,4585570
chr20,4270744,4795032
chr20,4469259,4993547
chr20,4777751,5302039
chr20,4992364,5516652
chr20,5189593,5713881
chr20,5445834,5970122
chr20,5671556,6195844
chr20,5959185,6483473
chr20,6301564,6825852
chr20,6520524,7044812
chr20,6830558,7354846
chr20,7169361,7693649
chr20,7463654,7987942
chr20,7672386,8196674
chr20,7909138,8433426
chr20,8196836,8721124
chr20,8444674,8968962
chr20,8673572,9197860
chr20,8877065,9401353
chr20,9105355,9629643
chr20,9910125,10434413
chr20,10118406,10642694
chr20,10344443,10868731
chr20,10569279,11093567
chr20,10818763,11343051
chr20,11021954,11546242
chr20,11222770,11747058
chr20,11552169,12076457
chr20,11884094,12408382
chr20,12762747,13287035
chr20,13066837,13591125
chr20,13327845,13852133
chr20,13600769,14125057
chr20,14031730,14556018
chr20,14243020,14767308
chr20,14715756,15240044
chr20,15489623,16013911
chr20,16186055,16710343
chr20,16391913,16916201
chr20,16670931,17195219
chr20,17179625,17703913
chr20,17379062,17903350
chr20,17583434,18107722
chr20,17789786,18314074
chr20,17999892,18524180
chr20,18302333,18826621
chr20,18541100,19065388
chr20,19046786,19571074
chr20,19269063,19793351
chr20,19524045,20048333
chr20,19721989,20246277
chr20,20046885,20571173
chr20,20288362,20812650
chr20,20961237,21485525
chr20,21159290,21683578
chr20,21591063,22115351
chr20,22631394,23155682
chr20,22845242,23369530
chr20,23041847,23566135
chr20,23255873,23780161
chr20,23458910,23983198
chr20,23656592,24180880
chr20,24172624,24696912
chr20,24371469,24895757
chr20,24609122,25133410
chr20,24827807,25352095
chr20,25030986,25555274
chr20,25226934,25751222
chr20,25459035,25983323
chr20,25689596,26213884
chr20,25999982,26524270
chr20,30213033,30737321
chr20,31349826,31874114
chr20,31546309,32070597
chr20,31787298,32311586
chr20,31990668,32514956
chr20,32190381,32714669
chr20,32410067,32934355
chr20,32655216,33179504
chr20,32966886,33491174
chr20,33208978,33733266
chr20,33498805,34023093
chr20,33729540,34253828
chr20,33946094,34470382
chr20,34150014,34674302
chr20,34348618,34872906
chr20,34544519,35068807
chr20,34743865,35268153
chr20,34947279,35471567
chr20,35147642,35671930
chr20,35378035,35902323
chr20,35575151,36099439
chr20,35789185,36313473
chr20,36016969,36541257
chr20,36242614,36766902
chr20,36440995,36965283
chr20,36644268,37168556
chr20,36907424,37431712
chr20,37106637,37630925
chr20,37347160,37871448
chr20,37550532,38074820
chr20,37826664,38350952
chr20,38022856,38547144
chr20,38255661,38779949
chr20,38583938,39108226
chr20,38797647,39321935
chr20,39026160,39550448
chr20,39459637,39983925
chr20,39658801,40183089
chr20,40115116,40639404
chr20,40333977,40858265
chr20,40804777,41329065
chr20,41005786,41530074
chr20,41246786,41771074
chr20,41452804,41977092
chr20,43214730,43739018
chr20,43426411,43950699
chr20,43678895,44203183
chr20,43910323,44434611
chr20,44114795,44639083
chr20,44311195,44835483
chr20,44528522,45052810
chr20,44732702,45256990
chr20,44940352,45464640
chr20,45162566,45686854
chr20,45446749,45971037
chr20,45647794,46172082
chr20,45843694,46367982
chr20,46062840,46587128
chr20,46393939,46918227
chr20,46650388,47174676
chr20,46960268,47484556
chr20,47157074,47681362
chr20,47378821,47903109
chr20,47714077,48238365
chr20,48074465,48598753
chr20,48300048,48824336
chr20,48518303,49042591
chr20,48733484,49257772
chr20,49022582,49546870
chr20,49346674,49870962
chr20,49548536,50072824
chr20,49750661,50274949
chr20,49948324,50472612
chr20,50144859,50669147
chr20,50345413,50869701
chr20,50546132,51070420
chr20,50745639,51269927
chr20,50958008,51482296
chr20,51161278,51685566
chr20,51364876,51889164
chr20,51578414,52102702
chr20,51820313,52344601
chr20,52026760,52551048
chr20,52290816,52815104
chr20,53167096,53691384
chr20,53415612,53939900
chr20,53625862,54150150
chr20,53880342,54404630
chr20,54180809,54705097
chr20,54458310,54982598
chr20,56055950,56580238
chr20,56253992,56778280
chr20,56465628,56989916
chr20,56663037,57187325
chr20,56866130,57390418
chr20,57076073,57600361
chr20,57281405,57805693
chr20,57533764,58058052
chr20,57763298,58287586
chr20,57963761,58488049
chr20,58176085,58700373
chr20,58374350,58898638
chr20,58654169,59178457
chr20,58856854,59381142
chr20,59284497,59808785
chr20,59584812,60109100
chr20,59877362,60401650
chr20,60078721,60603009
chr20,60318183,60842471
chr20,60530873,61055161
chr20,60953430,61477718
chr20,61271807,61796095
chr20,61475724,62000012
chr20,61861491,62385779
chr20,62074790,62599078
chr20,62337389,62861677
chr20,62539612,63063900
chr20,62739538,63263826
chr20,63051154,63575442
chr20,63355511,63879799
chr20,63576378,64100666
chr20,63784537,64308825
chr21,8541786,9066074
chr21,13863211,14387499
chr21,14217148,14741436
chr21,14699963,15224251
chr21,14896844,15421132
chr21,15467369,15991657
chr21,15828390,16352678
chr21,16030700,16554988
chr21,16368513,16892801
chr21,16838819,17363107
chr21,17187993,17712281
chr21,17447622,17971910
chr21,17654391,18178679
chr21,21000797,21525085
chr21,21549448,22073736
chr21,24943072,25467360
chr21,25164714,25689002
chr21,25397511,25921799
chr21,25682037,26206325
chr21,25896670,26420958
chr21,26186811,26711099
chr21,26631434,27155722
chr21,26883255,27407543
chr21,27104327,27628615
chr21,27354921,27879209
chr21,27764029,28288317
chr21,27978143,28502431
chr21,28257259,28781547
chr21,28466793,28991081
chr21,28720663,29244951
chr21,28926330,29450618
chr21,29133890,29658178
chr21,29337717,29862005
chr21,30998426,31522714
chr21,31495014,32019302
chr21,31744166,32268454
chr21,31971235,32495523
chr21,32170535,32694823
chr21,32397951,32922239
chr21,32606672,33130960
chr21,32847646,33371934
chr21,33048094,33572382
chr21,33255599,33779887
chr21,33477250,34001538
chr21,33692421,34216709
chr21,33910094,34434382
chr21,34112290,34636578
chr21,34362203,34886491
chr21,34562260,35086548
chr21,34773548,35297836
chr21,34972381,35496669
chr21,35202515,35726803
chr21,35399960,35924248
chr21,35608463,36132751
chr21,35850705,36374993
chr21,36048198,36572486
chr21,36265564,36789852
chr21,36462805,36987093
chr21,36675235,37199523
chr21,36895846,37420134
chr21,37093395,37617683
chr21,37293771,37818059
chr21,37491777,38016065
chr21,37691665,38215953
chr21,37975849,38500137
chr21,38184905,38709193
chr21,38467295,38991583
chr21,38666987,39191275
chr21,38865079,39389367
chr21,39149407,39673695
chr21,39448188,39972476
chr21,39884002,40408290
chr21,40348086,40872374
chr21,40549981,41074269
chr21,40948812,41473100
chr21,41196759,41721047
chr21,41396026,41920314
chr21,41597491,42121779
chr21,41793724,42318012
chr21,42034974,42559262
chr21,42292486,42816774
chr21,42714527,43238815
chr21,42939069,43463357
chr21,43154916,43679204
chr21,43352367,43876655
chr21,43552476,44076764
chr21,43841730,44366018
chr21,44038156,44562444
chr21,44328016,44852304
chr21,44625399,45149687
chr21,44848568,45372856
chr21,45045220,45569508
chr21,45262960,45787248
chr21,45476391,46000679
chr21,45700579,46224867
chr21,45896197,46420485
chr21,46121355,46645643
chr22,15608502,16132790
chr22,16436543,16960831
chr22,16705210,17229498
chr22,16911126,17435414
chr22,17406854,17931142
chr22,17608838,18133126
chr22,17805856,18330144
chr22,18008650,18532938
chr22,18394625,18918913
chr22,18662757,19187045
chr22,18902725,19427013
chr22,19123498,19647786
chr22,19319735,19844023
chr22,19634842,20159130
chr22,19856341,20380629
chr22,20083371,20607659
chr22,20330542,20854830
chr22,20533064,21057352
chr22,20740067,21264355
chr22,20936271,21460559
chr22,21161504,21685792
chr22,21380540,21904828
chr22,21591318,22115606
chr22,21787714,22312002
chr22,22105859,22630147
chr22,22539191,23063479
chr22,22872884,23397172
chr22,23081238,23605526
chr22,23321380,23845668
chr22,23586316,24110604
chr22,23797276,24321564
chr22,23993159,24517447
chr22,24203351,24727639
chr22,24415783,24940071
chr22,25106482,25630770
chr22,25361283,25885571
chr22,25581595,26105883
chr22,26158062,26682350
chr22,26368871,26893159
chr22,26599106,27123394
chr22,26941298,27465586
chr22,27293167,27817455
chr22,27522891,28047179
chr22,27721680,28245968
chr22,27948327,28472615
chr22,28232109,28756397
chr22,28516272,29040560
chr22,28739654,29263942
chr22,28965262,29489550
chr22,29166420,29690708
chr22,29389024,29913312
chr22,29602430,30126718
chr22,29828685,30352973
chr22,30024515,30548803
chr22,30222540,30746828
chr22,30427691,30951979
chr22,30639072,31163360
chr22,30872441,31396729
chr22,31078312,31602600
chr22,31324720,31849008
chr22,31570772,32095060
chr22,31779509,32303797
chr22,32247473,32771761
chr22,32455419,32979707
chr22,32654469,33178757
chr22,32909855,33434143
chr22,33170447,33694735
chr22,33621424,34145712
chr22,34596111,35120399
chr22,35054487,35578775
chr22,35253654,35777942
chr22,35456291,35980579
chr22,35670174,36194462
chr22,35888184,36412472
chr22,36134316,36658604
chr22,36364429,36888717
chr22,36611373,37135661
chr22,36854666,37378954
chr22,37065593,37589881
chr22,37267787,37792075
chr22,37469068,37993356
chr22,37679330,38203618
chr22,37892639,38416927
chr22,38092798,38617086
chr22,38303392,38827680
chr22,38517260,39041548
chr22,38817560,39341848
chr22,39013760,39538048
chr22,39235080,39759368
chr22,39655760,40180048
chr22,39880091,40404379
chr22,40112186,40636474
chr22,40320964,40845252
chr22,40518500,41042788
chr22,40786425,41310713
chr22,41011980,41536268
chr22,41216414,41740702
chr22,41424946,41949234
chr22,41635994,42160282
chr22,41834549,42358837
chr22,42105132,42629420
chr22,42355036,42879324
chr22,42583451,43107739
chr22,42779771,43304059
chr22,42979307,43503595
chr22,43625022,44149310
chr22,43827928,44352216
chr22,44144655,44668943
chr22,44360090,44884378
chr22,44689448,45213736
chr22,44900015,45424303
chr22,45145144,45669432
chr22,45341970,45866258
chr22,45545507,46069795
chr22,45770717,46295005
chr22,46007580,46531868
chr22,46293704,46817992
chr22,46584905,47109193
chr22,46802140,47326428
chr22,47117129,47641417
chr22,47671268,48195556
chr22,48268389,48792677
chr22,49624878,50149166
chr22,49950330,50474618
chr22,50163386,50687674
chr22,50294180,50818468
chr3,718124,1242412
chr3,1019753,1544041
chr3,2962257,3486545
chr3,4139037,4663325
chr3,4516230,5040518
chr3,4741519,5265807
chr3,4958597,5482885
chr3,5165861,5690149
chr3,7813365,8337653
chr3,8156462,8680750
chr3,8352204,8876492
chr3,8565556,9089844
chr3,8772493,9296781
chr3,9115584,9639872
chr3,9484765,10009053
chr3,9720076,10244364
chr3,9951076,10475364
chr3,10146742,10671030
chr3,10354489,10878777
chr3,10593606,11117894
chr3,10912949,11437237
chr3,11109498,11633786
chr3,11312874,11837162
chr3,11527292,12051580
chr3,12023510,12547798
chr3,12290395,12814683
chr3,12494184,13018472
chr3,12782620,13306908
chr3,13188839,13713127
chr3,13405179,13929467
chr3,13731426,14255714
chr3,13960004,14484292
chr3,14207871,14732159
chr3,14463266,14987554
chr3,14782739,15307027
chr3,15041486,15565774
chr3,15244705,15768993
chr3,15452175,15976463
chr3,15652677,16176965
chr3,15864310,16388598
chr3,16075715,16600003
chr3,16277326,16801614
chr3,16534062,17058350
chr3,16753184,17277472
chr3,17010985,17535273
chr3,17314916,17839204
chr3,17577625,18101913
chr3,17898327,18422615
chr3,18260225,18784513
chr3,19724773,20249061
chr3,20021552,20545840
chr3,20408713,20933001
chr3,20830481,21354769
chr3,21109131,21633419
chr3,21541293,22065581
chr3,21755881,22280169
chr3,22840512,23364800
chr3,23038426,23562714
chr3,23278779,23803067
chr3,23485860,24010148
chr3,23709883,24234171
chr3,23970851,24495139
chr3,24212841,24737129
chr3,24513828,25038116
chr3,25289574,25813862
chr3,25499640,26023928
chr3,26982901,27507189
chr3,27267215,27791503
chr3,27467060,27991348
chr3,28076746,28601034
chr3,28748021,29272309
chr3,29007369,29531657
chr3,29217978,29742266
chr3,29519253,30043541
chr3,29723031,30247319
chr3,29934660,30458948
chr3,30144326,30668614
chr3,30347146,30871434
chr3,30544762,31069050
chr3,30839691,31363979
chr3,31048433,31572721
chr3,31258924,31783212
chr3,31469925,31994213
chr3,31783196,32307484
chr3,32227223,32751511
chr3,32450921,32975209
chr3,32711371,33235659
chr3,32932278,33456566
chr3,33134163,33658451
chr3,33378960,33903248
chr3,33611578,34135866
chr3,33842090,34366378
chr3,35781113,36305401
chr3,36141703,36665991
chr3,36347878,36872166
chr3,36743626,37267914
chr3,36949122,37473410
chr3,37465129,37989417
chr3,37695930,38220218
chr3,37937806,38462094
chr3,38163093,38687381
chr3,38468123,38992411
chr3,38664983,39189271
chr3,38887416,39411704
chr3,39090912,39615200
chr3,39474847,39999135
chr3,39747125,40271413
chr3,39952297,40476585
chr3,40172591,40696879
chr3,40635716,41160004
chr3,40952833,41477121
chr3,41165826,41690114
chr3,41517612,42041900
chr3,41796982,42321270
chr3,42015023,42539311
chr3,42417241,42941529
chr3,42614270,43138558
chr3,43006053,43530341
chr3,43209142,43733430
chr3,43420124,43944412
chr3,43631766,44156054
chr3,43832780,44357068
chr3,44173882,44698170
chr3,44391168,44915456
chr3,44597092,45121380
chr3,44811414,45335702
chr3,45016286,45540574
chr3,45223898,45748186
chr3,45428814,45953102
chr3,45653793,46178081
chr3,45853902,46378190
chr3,46195364,46719652
chr3,46392302,46916590
chr3,46682212,47206500
chr3,46918086,47442374
chr3,47118364,47642652
chr3,47348857,47873145
chr3,47551421,48075709
chr3,47848352,48372640
chr3,48077218,48601506
chr3,48275620,48799908
chr3,48471678,48995966
chr3,48683808,49208096
chr3,48928898,49453186
chr3,49175488,49699776
chr3,49389693,49913981
chr3,49621657,50145945
chr3,49885839,50410127
chr3,50082200,50606488
chr3,50368305,50892593
chr3,51176027,51700315
chr3,51374131,51898419
chr3,51777236,52301524
chr3,51989722,52514010
chr3,52245297,52769585
chr3,52485459,53009747
chr3,52684766,53209054
chr3,52945672,53469960
chr3,53182806,53707094
chr3,53551435,54075723
chr3,53777346,54301634
chr3,54263461,54787749
chr3,54591861,55116149
chr3,54787669,55311957
chr3,54995578,55519866
chr3,55198359,55722647
chr3,55455717,55980005
chr3,55955949,56480237
chr3,56159655,56683943
chr3,56392597,56916885
chr3,56594049,57118337
chr3,56812838,57337126
chr3,57032596,57556884
chr3,57391822,57916110
chr3,57591670,58115958
chr3,57787524,58311812
chr3,57986342,58510630
chr3,58186210,58710498
chr3,58400923,58925211
chr3,58710233,59234521
chr3,58968921,59493209
chr3,59224087,59748375
chr3,59585116,60109404
chr3,60136677,60660965
chr3,60388651,60912939
chr3,60592262,61116550
chr3,61087367,61611655
chr3,61287504,61811792
chr3,61499598,62023886
chr3,61730564,62254852
chr3,61985581,62509869
chr3,62398265,62922553
chr3,63163967,63688255
chr3,63449735,63974023
chr3,63698416,64222704
chr3,63910064,64434352
chr3,64127430,64651718
chr3,64336694,64860982
chr3,64812941,65337229
chr3,65235115,65759403
chr3,65548363,66072651
chr3,65775772,66300060
chr3,65989545,66513833
chr3,66198569,66722857
chr3,66424297,66948585
chr3,66631468,67155756
chr3,66833586,67357874
chr3,67293767,67818055
chr3,67489744,68014032
chr3,68824848,69349136
chr3,69129022,69653310
chr3,69574746,70099034
chr3,70607331,71131619
chr3,70809079,71333367
chr3,71009241,71533529
chr3,71231914,71756202
chr3,71435753,71960041
chr3,71818202,72342490
chr3,72021722,72546010
chr3,72282322,72806610
chr3,72558915,73083203
chr3,72774016,73298304
chr3,73236699,73760987
chr3,73437816,73962104
chr3,73656510,74180798
chr3,74261084,74785372
chr3,74459629,74983917
chr3,75121046,75645334
chr3,75620767,76145055
chr3,77164842,77689130
chr3,77366550,77890838
chr3,78040980,78565268
chr3,78469091,78993379
chr3,78693324,79217612
chr3,78975486,79499774
chr3,79203124,79727412
chr3,81280087,81804375
chr3,81553076,82077364
chr3,81923590,82447878
chr3,86630116,87154404
chr3,86826034,87350322
chr3,87042963,87567251
chr3,87691032,88215320
chr3,87893851,88418139
chr3,88643354,89167642
chr3,88857785,89382073
chr3,93677276,94201564
chr3,93898806,94423094
chr3,95759002,96283290
chr3,97600290,98124578
chr3,97807396,98331684
chr3,98358115,98882403
chr3,98614370,99138658
chr3,98812884,99337172
chr3,99078374,99602662
chr3,99308211,99832499
chr3,99513752,100038040
chr3,99711584,100235872
chr3,99909518,100433806
chr3,100105160,100629448
chr3,100327898,100852186
chr3,100544731,101069019
chr3,100748585,101272873
chr3,100960411,101484699
chr3,101345052,101869340
chr3,101560400,102084688
chr3,101762287,102286575
chr3,101959459,102483747
chr3,102236196,102760484
chr3,104464628,104988916
chr3,104722612,105246900
chr3,105170721,105695009
chr3,105429713,105954001
chr3,105628275,106152563
chr3,105833963,106358251
chr3,106162842,106687130
chr3,106396345,106920633
chr3,106662029,107186317
chr3,106904488,107428776
chr3,107111672,107635960
chr3,107358310,107882598
chr3,107681459,108205747
chr3,107909721,108434009
chr3,108131870,108656158
chr3,108425459,108949747
chr3,109368505,109892793
chr3,109565409,110089697
chr3,109762740,110287028
chr3,110163487,110687775
chr3,110362877,110887165
chr3,110609361,111133649
chr3,110830997,111355285
chr3,111046449,111570737
chr3,111370857,111895145
chr3,111570840,112095128
chr3,111770738,112295026
chr3,112144102,112668390
chr3,112397080,112921368
chr3,112596560,113120848
chr3,112826789,113351077
chr3,113046937,113571225
chr3,113277044,113801332
chr3,113531559,114055847
chr3,113734511,114258799
chr3,113963827,114488115
chr3,114198981,114723269
chr3,114443840,114968128
chr3,114714642,115238930
chr3,114935999,115460287
chr3,115157920,115682208
chr3,115354103,115878391
chr3,115602717,116127005
chr3,115822870,116347158
chr3,116871823,117396111
chr3,117458027,117982315
chr3,119020354,119544642
chr3,119245187,119769475
chr3,119466076,119990364
chr3,119668579,120192867
chr3,119928013,120452301
chr3,120184148,120708436
chr3,120394497,120918785
chr3,120607500,121131788
chr3,121313750,121838038
chr3,121585099,122109387
chr3,121831022,122355310
chr3,122082007,122606295
chr3,122318633,122842921
chr3,122515965,123040253
chr3,122902440,123426728
chr3,123107629,123631917
chr3,123334872,123859160
chr3,123539946,124064234
chr3,123779096,124303384
chr3,124056932,124581220
chr3,124264569,124788857
chr3,124521550,125045838
chr3,124719703,125243991
chr3,124915789,125440077
chr3,125135086,125659374
chr3,125355234,125879522
chr3,125567574,126091862
chr3,125769180,126293468
chr3,126044213,126568501
chr3,126307889,126832177
chr3,126618117,127142405
chr3,126818087,127342375
chr3,127292154,127816442
chr3,127491688,128015976
chr3,127723521,128247809
chr3,127930143,128454431
chr3,128318409,128842697
chr3,128516159,129040447
chr3,128714890,129239178
chr3,128955996,129480284
chr3,129152649,129676937
chr3,129360949,129885237
chr3,129559525,130083813
chr3,129772455,130296743
chr3,129976744,130501032
chr3,130176906,130701194
chr3,130412063,130936351
chr3,130676863,131201151
chr3,130907846,131432134
chr3,131185917,131710205
chr3,131396115,131920403
chr3,131739527,132263815
chr3,131970164,132494452
chr3,132252654,132776942
chr3,132455842,132980130
chr3,133106974,133631262
chr3,133304942,133829230
chr3,133635818,134160106
chr3,133844256,134368544
chr3,134067354,134591642
chr3,134281391,134805679
chr3,134487290,135011578
chr3,134683176,135207464
chr3,135349276,135873564
chr3,135723330,136247618
chr3,135978009,136502297
chr3,136179449,136703737
chr3,136379884,136904172
chr3,136587045,137111333
chr3,136791390,137315678
chr3,137877675,138401963
chr3,138183762,138708050
chr3,138429727,138954015
chr3,138670920,139195208
chr3,138953366,139477654
chr3,139179787,139704075
chr3,139600552,140124840
chr3,140127637,140651925
chr3,140465299,140989587
chr3,140777184,141301472
chr3,141066868,141591156
chr3,141262520,141786808
chr3,141522730,142047018
chr3,141796138,142320426
chr3,142045850,142570138
chr3,142281927,142806215
chr3,142559794,143084082
chr3,142812569,143336857
chr3,143014282,143538570
chr3,143272208,143796496
chr3,143479144,144003432
chr3,143684039,144208327
chr3,143889369,144413657
chr3,144238693,144762981
chr3,145772412,146296700
chr3,145969231,146493519
chr3,146304748,146829036
chr3,146583603,147107891
chr3,146804771,147329059
chr3,147133948,147658236
chr3,147778550,148302838
chr3,148154996,148679284
chr3,148479105,149003393
chr3,148738204,149262492
chr3,148964964,149489252
chr3,149169033,149693321
chr3,149364884,149889172
chr3,149587871,150112159
chr3,149800341,150324629
chr3,150014262,150538550
chr3,150212020,150736308
chr3,150435270,150959558
chr3,150706601,151230889
chr3,151055192,151579480
chr3,151267530,151791818
chr3,151606143,152130431
chr3,151811595,152335883
chr3,152010807,152535095
chr3,152210736,152735024
chr3,152878286,153402574
chr3,153080450,153604738
chr3,153450158,153974446
chr3,154080104,154604392
chr3,154631035,155155323
chr3,154855399,155379687
chr3,155065996,155590284
chr3,155264009,155788297
chr3,155511832,156036120
chr3,155707563,156231851
chr3,155987972,156512260
chr3,156224066,156748354
chr3,156441730,156966018
chr3,156643731,157168019
chr3,156902066,157426354
chr3,157117877,157642165
chr3,157323826,157848114
chr3,157620436,158144724
chr3,157938615,158462903
chr3,158307155,158831443
chr3,158508095,159032383
chr3,158745685,159269973
chr3,158961830,159486118
chr3,159254492,159778780
chr3,159456360,159980648
chr3,159655689,160179977
chr3,159858995,160383283
chr3,160208874,160733162
chr3,160501687,161025975
chr3,161056724,161581012
chr3,161726275,162250563
chr3,162039024,162563312
chr3,162328248,162852536
chr3,165478636,166002924
chr3,167570128,168094416
chr3,167860170,168384458
chr3,168637469,169161757
chr3,168862833,169387121
chr3,169068536,169592824
chr3,169595471,170119759
chr3,169802120,170326408
chr3,170015540,170539828
chr3,170249556,170773844
chr3,170450190,170974478
chr3,170647060,171171348
chr3,170864528,171388816
chr3,171091957,171616245
chr3,171295659,171819947
chr3,171547820,172072108
chr3,171772069,172296357
chr3,171967864,172492152
chr3,172168110,172692398
chr3,172386648,172910936
chr3,172583588,173107876
chr3,173231046,173755334
chr3,173575217,174099505
chr3,173851834,174376122
chr3,174107068,174631356
chr3,174611676,175135964
chr3,174836725,175361013
chr3,175043536,175567824
chr3,175246420,175770708
chr3,175507224,176031512
chr3,176122468,176646756
chr3,176357483,176881771
chr3,176756570,177280858
chr3,177030975,177555263
chr3,177256092,177780380
chr3,177508969,178033257
chr3,177713954,178238242
chr3,177955996,178480284
chr3,178188165,178712453
chr3,178786121,179310409
chr3,178983886,179508174
chr3,179182282,179706570
chr3,179380395,179904683
chr3,179637369,180161657
chr3,180119041,180643329
chr3,180437511,180961799
chr3,180748460,181272748
chr3,181465382,181989670
chr3,182589426,183113714
chr3,182804809,183329097
chr3,183021091,183545379
chr3,183283103,183807391
chr3,183501249,184025537
chr3,183720151,184244439
chr3,183969650,184493938
chr3,184168526,184692814
chr3,184401197,184925485
chr3,184622303,185146591
chr3,184881190,185405478
chr3,185089483,185613771
chr3,185333802,185858090
chr3,185530455,186054743
chr3,185763171,186287459
chr3,186046057,186570345
chr3,186249910,186774198
chr3,186582137,187106425
chr3,186800540,187324828
chr3,187022887,187547175
chr3,187239263,187763551
chr3,187465175,187989463
chr3,187790768,188315056
chr3,187986833,188511121
chr3,188184613,188708901
chr3,188383097,188907385
chr3,188624126,189148414
chr3,188837122,189361410
chr3,189112830,189637118
chr3,189424021,189948309
chr3,189744843,190269131
chr3,189944789,190469077
chr3,190162144,190686432
chr3,190369210,190893498
chr3,190902109,191426397
chr3,191126760,191651048
chr3,191610100,192134388
chr3,192652384,193176672
chr3,193288015,193812303
chr3,193568636,194092924
chr3,193810315,194334603
chr3,194056693,194580981
chr3,194276021,194800309
chr3,194507993,195032281
chr3,194705305,195229593
chr3,194936720,195461008
chr3,195188543,195712831
chr3,195449722,195974010
chr3,195728816,196253104
chr3,195980144,196504432
chr3,196175823,196700111
chr3,196395027,196919315
chr3,196594065,197118353
chr3,196866916,197391204
chr3,197093525,197617813
chr3,197292068,197816356
chr3,197535669,198059957
chr3,197742239,198266527
chr4,172703,696991
chr4,509363,1033651
chr4,759640,1283928
chr4,1003678,1527966
chr4,1415672,1939960
chr4,1679060,2203348
chr4,1937271,2461559
chr4,2158958,2683246
chr4,2370920,2895208
chr4,2577632,3101920
chr4,2786099,3310387
chr4,3037540,3561828
chr4,3238194,3762482
chr4,3493484,4017772
chr4,3739780,4264068
chr4,4024593,4548881
chr4,4266644,4790932
chr4,4482601,5006889
chr4,4688883,5213171
chr4,4993992,5518280
chr4,5201158,5725446
chr4,5471436,5995724
chr4,6106296,6630584
chr4,6396690,6920978
chr4,6619649,7143937
chr4,6822516,7346804
chr4,7042054,7566342
chr4,7382934,7907222
chr4,7599253,8123541
chr4,7796357,8320645
chr4,8021378,8545666
chr4,8228053,8752341
chr4,8984657,9508945
chr4,9356100,9880388
chr4,9854897,10379185
chr4,10117545,10641833
chr4,10441975,10966263
chr4,11205060,11729348
chr4,13164336,13688624
chr4,13394914,13919202
chr4,13701966,14226254
chr4,13932762,14457050
chr4,14236062,14760350
chr4,14689077,15213365
chr4,14913973,15438261
chr4,15138464,15662752
chr4,15487738,16012026
chr4,15729300,16253588
chr4,16061010,16585298
chr4,16367817,16892105
chr4,16593494,17117782
chr4,16805515,17329803
chr4,17004420,17528708
chr4,17329745,17854033
chr4,17557957,18082245
chr4,17856338,18380626
chr4,19134597,19658885
chr4,19514865,20039153
chr4,19773107,20297395
chr4,20029256,20553544
chr4,20253765,20778053
chr4,20535774,21060062
chr4,21615424,22139712
chr4,22014652,22538940
chr4,22310337,22834625
chr4,22857416,23381704
chr4,23724472,24248760
chr4,23925432,24449720
chr4,24382924,24907212
chr4,24589151,25113439
chr4,24815544,25339832
chr4,25070415,25594703
chr4,25284373,25808661
chr4,25584771,26109059
chr4,25851432,26375720
chr4,26054443,26578731
chr4,26393487,26917775
chr4,26623451,27147739
chr4,26841058,27365346
chr4,27053412,27577700
chr4,27299425,27823713
chr4,28064722,28589010
chr4,28280689,28804977
chr4,28802600,29326888
chr4,29260119,29784407
chr4,29544585,30068873
chr4,30592558,31116846
chr4,33545709,34069997
chr4,33760217,34284505
chr4,34006418,34530706
chr4,37464648,37988936
chr4,37661593,38185881
chr4,37864253,38388541
chr4,38072597,38596885
chr4,38498792,39023080
chr4,38703082,39227370
chr4,38970758,39495046
chr4,39189542,39713830
chr4,39401849,39926137
chr4,39769867,40294155
chr4,39973537,40497825
chr4,40169489,40693777
chr4,40383821,40908109
chr4,40648083,41172371
chr4,40845038,41369326
chr4,41041723,41566011
chr4,41245241,41769529
chr4,41449289,41973577
chr4,41771205,42295493
chr4,42493048,43017336
chr4,43166441,43690729
chr4,44514184,45038472
chr4,46910802,47435090
chr4,47287614,47811902
chr4,47650572,48174860
chr4,47852718,48377006
chr4,48105812,48630100
chr4,48379966,48904254
chr4,48614796,49139084
chr4,48898525,49422813
chr4,51678033,52202321
chr4,51874289,52398577
chr4,52396347,52920635
chr4,52658669,53182957
chr4,52855456,53379744
chr4,53142912,53667200
chr4,53344446,53868734
chr4,53541832,54066120
chr4,53741917,54266205
chr4,54000860,54525148
chr4,54236567,54760855
chr4,54494775,55019063
chr4,54707811,55232099
chr4,54914618,55438906
chr4,55147951,55672239
chr4,55360526,55884814
chr4,55589822,56114110
chr4,56207901,56732189
chr4,56477024,57001312
chr4,56744871,57269159
chr4,56940778,57465066
chr4,57187223,57711511
chr4,60441509,60965797
chr4,66400900,66925188
chr4,67274042,67798330
chr4,67516483,68040771
chr4,67721263,68245551
chr4,68177899,68702187
chr4,68890410,69414698
chr4,70523733,71048021
chr4,70737623,71261911
chr4,70962901,71487189
chr4,71170047,71694335
chr4,71395922,71920210
chr4,72147631,72671919
chr4,72403766,72928054
chr4,72604087,73128375
chr4,72806816,73331104
chr4,73049951,73574239
chr4,73286387,73810675
chr4,73496640,74020928
chr4,73704721,74229009
chr4,73933542,74457830
chr4,74198565,74722853
chr4,74460177,74984465
chr4,74722489,75246777
chr4,75332251,75856539
chr4,75551166,76075454
chr4,75775719,76300007
chr4,75984386,76508674
chr4,76347315,76871603
chr4,76542991,77067279
chr4,76741610,77265898
chr4,76982045,77506333
chr4,77414959,77939247
chr4,77654178,78178466
chr4,77893959,78418247
chr4,78129428,78653716
chr4,78363849,78888137
chr4,78582632,79106920
chr4,79813655,80337943
chr4,80009851,80534139
chr4,80629073,81153361
chr4,80972240,81496528
chr4,81171364,81695652
chr4,82188000,82712288
chr4,82513681,83037969
chr4,82726434,83250722
chr4,82945409,83469697
chr4,83151885,83676173
chr4,83351607,83875895
chr4,83567258,84091546
chr4,84509590,85033878
chr4,84706384,85230672
chr4,85134506,85658794
chr4,85331840,85856128
chr4,85543684,86067972
chr4,85764754,86289042
chr4,86174166,86698454
chr4,86428415,86952703
chr4,86652114,87176402
chr4,86849966,87374254
chr4,87055351,87579639
chr4,87258353,87782641
chr4,87642087,88166375
chr4,87838902,88363190
chr4,88066969,88591257
chr4,88358786,88883074
chr4,88570399,89094687
chr4,88773361,89297649
chr4,88970529,89494817
chr4,89305626,89829914
chr4,89560151,90084439
chr4,92805487,93329775
chr4,94043391,94567679
chr4,94282601,94806889
chr4,94514466,95038754
chr4,94965575,95489863
chr4,97978972,98503260
chr4,98179797,98704085
chr4,98382846,98907134
chr4,98741256,99265544
chr4,99219304,99743592
chr4,99729875,100254163
chr4,99929437,100453725
chr4,100125876,100650164
chr4,100573960,101098248
chr4,100821041,101345329
chr4,101027450,101551738
chr4,101701116,102225404
chr4,102181000,102705288
chr4,102399811,102924099
chr4,102596135,103120423
chr4,102855095,103379383
chr4,103081584,103605872
chr4,103333698,103857986
chr4,104924329,105448617
chr4,105205514,105729802
chr4,105544165,106068453
chr4,105814609,106338897
chr4,106122814,106647102
chr4,106365785,106890073
chr4,106609199,107133487
chr4,106965793,107490081
chr4,107215183,107739471
chr4,107455605,107979893
chr4,107660251,108184539
chr4,107865844,108390132
chr4,108106684,108630972
chr4,108427796,108952084
chr4,108655413,109179701
chr4,108882439,109406727
chr4,109268015,109792303
chr4,109538242,110062530
chr4,109748756,110273044
chr4,110000345,110524633
chr4,110311728,110836016
chr4,110578462,111102750
chr4,110862683,111386971
chr4,111064459,111588747
chr4,111300179,111824467
chr4,111512681,112036969
chr4,111758578,112282866
chr4,111963384,112487672
chr4,112184563,112708851
chr4,112386321,112910609
chr4,112654155,113178443
chr4,112982820,113507108
chr4,113191725,113716013
chr4,113396928,113921216
chr4,113593469,114117757
chr4,113790532,114314820
chr4,114107754,114632042
chr4,114994797,115519085
chr4,116920904,117445192
chr4,117160719,117685007
chr4,118009094,118533382
chr4,118225697,118749985
chr4,118427141,118951429
chr4,118634535,119158823
chr4,118833662,119357950
chr4,119043017,119567305
chr4,119246024,119770312
chr4,119453763,119978051
chr4,119843167,120367455
chr4,120354203,120878491
chr4,120685100,121209388
chr4,120903603,121427891
chr4,121503898,122028186
chr4,121705559,122229847
chr4,121987759,122512047
chr4,122420098,122944386
chr4,122618778,123143066
chr4,123068068,123592356
chr4,123279949,123804237
chr4,123476226,124000514
chr4,123672751,124197039
chr4,124013425,124537713
chr4,124250154,124774442
chr4,124467293,124991581
chr4,124775897,125300185
chr4,125023440,125547728
chr4,125224539,125748827
chr4,125565943,126090231
chr4,125840550,126364838
chr4,126104271,126628559
chr4,126448031,126972319
chr4,126675043,127199331
chr4,126881139,127405427
chr4,127084930,127609218
chr4,127468355,127992643
chr4,127692834,128217122
chr4,127896312,128420600
chr4,128122705,128646993
chr4,128352114,128876402
chr4,128645083,129169371
chr4,128927655,129451943
chr4,129178254,129702542
chr4,130094195,130618483
chr4,130314014,130838302
chr4,131446204,131970492
chr4,131802991,132327279
chr4,132016403,132540691
chr4,133701950,134226238
chr4,134201393,134725681
chr4,136951667,137475955
chr4,137203177,137727465
chr4,137445690,137969978
chr4,137797016,138321304
chr4,138024268,138548556
chr4,138226316,138750604
chr4,138445841,138970129
chr4,138712123,139236411
chr4,138917415,139441703
chr4,139117935,139642223
chr4,139347375,139871663
chr4,139569692,140093980
chr4,139848156,140372444
chr4,140069925,140594213
chr4,140360274,140884562
chr4,140572766,141097054
chr4,140774062,141298350
chr4,141056643,141580931
chr4,141264078,141788366
chr4,141471840,141996128
chr4,141870654,142394942
chr4,142084354,142608642
chr4,142352427,142876715
chr4,142579109,143103397
chr4,143020159,143544447
chr4,143217212,143741500
chr4,143421051,143945339
chr4,143747585,144271873
chr4,144414786,144939074
chr4,144848491,145372779
chr4,145114242,145638530
chr4,145317124,145841412
chr4,145515549,146039837
chr4,145723521,146247809
chr4,146011159,146535447
chr4,146207213,146731501
chr4,146421652,146945940
chr4,146792725,147317013
chr4,147148512,147672800
chr4,147378289,147902577
chr4,147589291,148113579
chr4,147810875,148335163
chr4,149245408,149769696
chr4,149441879,149966167
chr4,149659331,150183619
chr4,149906109,150430397
chr4,150115891,150640179
chr4,150337175,150861463
chr4,150605308,151129596
chr4,150839761,151364049
chr4,151062347,151586635
chr4,151321697,151845985
chr4,151524321,152048609
chr4,151723677,152247965
chr4,151937652,152461940
chr4,152145557,152669845
chr4,152351699,152875987
chr4,152615200,153139488
chr4,152819674,153343962
chr4,153017397,153541685
chr4,153245638,153769926
chr4,153487683,154011971
chr4,153840382,154364670
chr4,154385839,154910127
chr4,154658990,155183278
chr4,155212788,155737076
chr4,155465168,155989456
chr4,155742553,156266841
chr4,155951453,156475741
chr4,156158162,156682450
chr4,156382910,156907198
chr4,156587029,157111317
chr4,156782864,157307152
chr4,157851008,158375296
chr4,158149764,158674052
chr4,158370878,158895166
chr4,158585964,159110252
chr4,158832984,159357272
chr4,159063488,159587776
chr4,162993189,163517477
chr4,163329916,163854204
chr4,163529930,164054218
chr4,164813149,165337437
chr4,165058235,165582523
chr4,166154855,166679143
chr4,167731711,168255999
chr4,167959820,168484108
chr4,168224435,168748723
chr4,168420465,168944753
chr4,168632612,169156900
chr4,168844568,169368856
chr4,169043992,169568280
chr4,169321559,169845847
chr4,169593286,170117574
chr4,169862578,170386866
chr4,170224525,170748813
chr4,171716266,172240554
chr4,172561718,173086006
chr4,172818283,173342571
chr4,173169192,173693480
chr4,173365710,173889998
chr4,174024735,174549023
chr4,175133558,175657846
chr4,176023153,176547441
chr4,176219475,176743763
chr4,176419629,176943917
chr4,176615336,177139624
chr4,176823866,177348154
chr4,177051310,177575598
chr4,177262958,177787246
chr4,177800310,178324598
chr4,179431856,179956144
chr4,181384736,181909024
chr4,181788046,182312334
chr4,182025133,182549421
chr4,182440890,182965178
chr4,182642482,183166770
chr4,182933627,183457915
chr4,183169771,183694059
chr4,183474910,183999198
chr4,183823685,184347973
chr4,184101692,184625980
chr4,184308298,184832586
chr4,184504001,185028289
chr4,185038102,185562390
chr4,185261778,185786066
chr4,185543748,186068036
chr4,185768293,186292581
chr4,186026456,186550744
chr4,186405644,186929932
chr4,186601515,187125803
chr4,186964315,187488603
chr4,187228779,187753067
chr4,187438438,187962726
chr4,187650653,188174941
chr4,187943379,188467667
chr4,188236457,188760745
chr4,188545327,189069615
chr4,188769831,189294119
chr4,189556981,190081269
chr4,189690267,190214555
chr5,99167,623455
chr5,295190,819478
chr5,492978,1017266
chr5,728002,1252290
chr5,960467,1484755
chr5,1169295,1693583
chr5,1403852,1928140
chr5,1625465,2149753
chr5,2588238,3112526
chr5,3432599,3956887
chr5,3855426,4379714
chr5,4498153,5022441
chr5,4853741,5378029
chr5,5107456,5631744
chr5,5994582,6518870
chr5,6213624,6737912
chr5,6428840,6953128
chr5,7157245,7681533
chr5,7550315,8074603
chr5,7752109,8276397
chr5,8166089,8690377
chr5,8469298,8993586
chr5,8665338,9189626
chr5,8879716,9404004
chr5,9081376,9605664
chr5,9279486,9803774
chr5,9489358,10013646
chr5,9686869,10211157
chr5,9913742,10438030
chr5,10143655,10667943
chr5,10349476,10873764
chr5,10545287,11069575
chr5,10749267,11273555
chr5,13403120,13927408
chr5,13821806,14346094
chr5,14018751,14543039
chr5,14233792,14758080
chr5,14429494,14953782
chr5,14633415,15157703
chr5,14844746,15369034
chr5,15084751,15609039
chr5,15335505,15859793
chr5,15537683,16061971
chr5,15765761,16290049
chr5,16247696,16771984
chr5,16492696,17016984
chr5,16688409,17212697
chr5,16916900,17441188
chr5,17142077,17666365
chr5,18229675,18753963
chr5,19689510,20213798
chr5,21176690,21700978
chr5,25026024,25550312
chr5,27151761,27676049
chr5,30942957,31467245
chr5,31182935,31707223
chr5,31389357,31913645
chr5,31824490,32348778
chr5,32069602,32593890
chr5,32277978,32802266
chr5,32528086,33052374
chr5,32820889,33345177
chr5,33031702,33555990
chr5,33276135,33800423
chr5,33485316,34009604
chr5,33683013,34207301
chr5,33882120,34406408
chr5,34080106,34604394
chr5,34320379,34844667
chr5,34518848,35043136
chr5,34748573,35272861
chr5,34953647,35477935
chr5,35315099,35839387
chr5,35577054,36101342
chr5,35895714,36420002
chr5,36193500,36717788
chr5,36435514,36959802
chr5,36711244,37235532
chr5,37033942,37558230
chr5,37289878,37814166
chr5,37501668,38025956
chr5,37703224,38227512
chr5,38160060,38684348
chr5,38393086,38917374
chr5,38591317,39115605
chr5,38851221,39375509
chr5,39092034,39616322
chr5,39288932,39813220
chr5,39497094,40021382
chr5,40057419,40581707
chr5,40282429,40806717
chr5,40514775,41039063
chr5,40824626,41348914
chr5,41207150,41731438
chr5,41628677,42152965
chr5,42406827,42931115
chr5,42779799,43304087
chr5,42988586,43512874
chr5,43319085,43843373
chr5,44645334,45169622
chr5,50138673,50662961
chr5,50502819,51027107
chr5,52473696,52997984
chr5,52672993,53197281
chr5,52869612,53393900
chr5,53068248,53592536
chr5,53265901,53790189
chr5,53615743,54140031
chr5,53819621,54343909
chr5,54016592,54540880
chr5,54224339,54748627
chr5,54446964,54971252
chr5,54643769,55168057
chr5,54840312,55364600
chr5,55112415,55636703
chr5,55317146,55841434
chr5,55547768,56072056
chr5,55780488,56304776
chr5,56004868,56529156
chr5,56245504,56769792
chr5,56456805,56981093
chr5,56652922,57177210
chr5,57008755,57533043
chr5,57218836,57743124
chr5,57528686,58052974
chr5,57896538,58420826
chr5,58095180,58619468
chr5,58291297,58815585
chr5,58723073,59247361
chr5,58935402,59459690
chr5,59132740,59657028
chr5,59353351,59877639
chr5,59558548,60082836
chr5,60168683,60692971
chr5,60487639,61011927
chr5,60780603,61304891
chr5,60997720,61522008
chr5,61238301,61762589
chr5,61457213,61981501
chr5,61702598,62226886
chr5,61918723,62443011
chr5,62141425,62665713
chr5,62374104,62898392
chr5,63097286,63621574
chr5,63980413,64504701
chr5,64354309,64878597
chr5,64578319,65102607
chr5,64795193,65319481
chr5,64995087,65519375
chr5,65229990,65754278
chr5,65459713,65984001
chr5,65695154,66219442
chr5,65979636,66503924
chr5,66488984,67013272
chr5,66730639,67254927
chr5,66930609,67454897
chr5,67135062,67659350
chr5,67484036,68008324
chr5,67812525,68336813
chr5,68050378,68574666
chr5,68254549,68778837
chr5,68496014,69020302
chr5,68734424,69258712
chr5,68930298,69454586
chr5,69168689,69692977
chr5,69396081,69920369
chr5,69679564,70203852
chr5,69885061,70409349
chr5,70125553,70649841
chr5,70421184,70945472
chr5,70736815,71261103
chr5,71115606,71639894
chr5,71319578,71843866
chr5,71618989,72143277
chr5,71877250,72401538
chr5,72082683,72606971
chr5,72287737,72812025
chr5,72486473,73010761
chr5,72683104,73207392
chr5,72951355,73475643
chr5,73147191,73671479
chr5,73400814,73925102
chr5,73599772,74124060
chr5,73853443,74377731
chr5,74069678,74593966
chr5,74269714,74794002
chr5,74466320,74990608
chr5,74783575,75307863
chr5,75072201,75596489
chr5,75298011,75822299
chr5,75552625,76076913
chr5,76105658,76629946
chr5,76443089,76967377
chr5,76641577,77165865
chr5,76865619,77389907
chr5,77117900,77642188
chr5,77326885,77851173
chr5,77606596,78130884
chr5,77840484,78364772
chr5,78079185,78603473
chr5,78326727,78851015
chr5,78535405,79059693
chr5,78731717,79256005
chr5,78942583,79466871
chr5,79154569,79678857
chr5,79350455,79874743
chr5,79563394,80087682
chr5,79811027,80335315
chr5,80028324,80552612
chr5,80235165,80759453
chr5,80489688,81013976
chr5,80798947,81323235
chr5,81068534,81592822
chr5,81342331,81866619
chr5,81553453,82077741
chr5,81807298,82331586
chr5,82010276,82534564
chr5,82225134,82749422
chr5,82912868,83437156
chr5,83142750,83667038
chr5,83352989,83877277
chr5,83755107,84279395
chr5,84218354,84742642
chr5,86119962,86644250
chr5,86453705,86977993
chr5,86745552,87269840
chr5,86949418,87473706
chr5,87147437,87671725
chr5,87944853,88469141
chr5,88497135,89021423
chr5,88718625,89242913
chr5,89100931,89625219
chr5,89392400,89916688
chr5,90245266,90769554
chr5,90954517,91478805
chr5,91150527,91674815
chr5,92214950,92739238
chr5,92611190,93135478
chr5,92909204,93433492
chr5,93109363,93633651
chr5,93339357,93863645
chr5,93666964,94191252
chr5,93947534,94471822
chr5,94453956,94978244
chr5,94917154,95441442
chr5,95308017,95832305
chr5,95505140,96029428
chr5,95701060,96225348
chr5,95901516,96425804
chr5,96116583,96640871
chr5,96328295,96852583
chr5,96526060,97050348
chr5,96729436,97253724
chr5,97018699,97542987
chr5,97219839,97744127
chr5,97463386,97987674
chr5,97821678,98345966
chr5,98132466,98656754
chr5,98406584,98930872
chr5,98604345,99128633
chr5,98854717,99379005
chr5,100370675,100894963
chr5,100613270,101137558
chr5,101260444,101784732
chr5,102463026,102987314
chr5,102659375,103183663
chr5,102895480,103419768
chr5,103093947,103618235
chr5,103294253,103818541
chr5,103685665,104209953
chr5,106125476,106649764
chr5,107201222,107725510
chr5,107540991,108065279
chr5,107804715,108329003
chr5,108216198,108740486
chr5,108469623,108993911
chr5,108695068,109219356
chr5,108941664,109465952
chr5,109152710,109676998
chr5,109524754,110049042
chr5,109773830,110298118
chr5,110213634,110737922
chr5,110574378,111098666
chr5,110906142,111430430
chr5,111219299,111743587
chr5,111419261,111943549
chr5,111628846,112153134
chr5,111833014,112357302
chr5,112315468,112839756
chr5,112517544,113041832
chr5,112756956,113281244
chr5,112958408,113482696
chr5,113324474,113848762
chr5,114021269,114545557
chr5,114248363,114772651
chr5,115020140,115544428
chr5,115217427,115741715
chr5,115415195,115939483
chr5,115677365,116201653
chr5,115920470,116444758
chr5,116207192,116731480
chr5,117638713,118163001
chr5,118383613,118907901
chr5,118698699,119222987
chr5,118905638,119429926
chr5,119103516,119627804
chr5,119944380,120468668
chr5,120140783,120665071
chr5,120343221,120867509
chr5,120602968,121127256
chr5,121109686,121633974
chr5,121797858,122322146
chr5,121998799,122523087
chr5,122592476,123116764
chr5,122809114,123333402
chr5,123045144,123569432
chr5,123258428,123782716
chr5,123532764,124057052
chr5,123786938,124311226
chr5,124288748,124813036
chr5,124485263,125009551
chr5,124702868,125227156
chr5,124900595,125424883
chr5,125113661,125637949
chr5,125320642,125844930
chr5,125532255,126056543
chr5,126024322,126548610
chr5,126220428,126744716
chr5,126430266,126954554
chr5,126646992,127171280
chr5,126845985,127370273
chr5,127157407,127681695
chr5,127353426,127877714
chr5,127638184,128162472
chr5,127898212,128422500
chr5,128107052,128631340
chr5,128306332,128830620
chr5,128931237,129455525
chr5,129506627,130030915
chr5,130828170,131352458
chr5,131055391,131579679
chr5,131302271,131826559
chr5,131507857,132032145
chr5,131821789,132346077
chr5,132037642,132561930
chr5,132246030,132770318
chr5,132510094,133034382
chr5,132707833,133232121
chr5,132911364,133435652
chr5,133109227,133633515
chr5,133667733,134192021
chr5,133864671,134388959
chr5,134061038,134585326
chr5,134271037,134795325
chr5,134468230,134992518
chr5,134678493,135202781
chr5,134963394,135487682
chr5,135171484,135695772
chr5,135540754,136065042
chr5,135752213,136276501
chr5,135968183,136492471
chr5,136455594,136979882
chr5,136876153,137400441
chr5,137088632,137612920
chr5,137306131,137830419
chr5,137565876,138090164
chr5,137789638,138313926
chr5,138014086,138538374
chr5,138297543,138821831
chr5,138531708,139055996
chr5,138735930,139260218
chr5,139017769,139542057
chr5,139220990,139745278
chr5,139436679,139960967
chr5,139697830,140222118
chr5,139943012,140467300
chr5,140145744,140670032
chr5,140369811,140894099
chr5,141156200,141680488
chr5,141356465,141880753
chr5,141657025,142181313
chr5,141860621,142384909
chr5,142081860,142606148
chr5,142281776,142806064
chr5,142477879,143002167
chr5,142716671,143240959
chr5,142990905,143515193
chr5,143187073,143711361
chr5,143387261,143911549
chr5,143673033,144197321
chr5,143908646,144432934
chr5,144169076,144693364
chr5,144533616,145057904
chr5,145081244,145605532
chr5,145307891,145832179
chr5,145588871,146113159
chr5,145810787,146335075
chr5,146018134,146542422
chr5,146283074,146807362
chr5,147218793,147743081
chr5,147640059,148164347
chr5,148219913,148744201
chr5,148569685,149093973
chr5,148799469,149323757
chr5,148998365,149522653
chr5,149221440,149745728
chr5,149441565,149965853
chr5,149641874,150166162
chr5,149842276,150366564
chr5,150044714,150569002
chr5,150282349,150806637
chr5,150480545,151004833
chr5,150740783,151265071
chr5,150940336,151464624
chr5,151283693,151807981
chr5,151495026,152019314
chr5,151731624,152255912
chr5,152993324,153517612
chr5,153299388,153823676
chr5,153495402,154019690
chr5,153719398,154243686
chr5,154026827,154551115
chr5,154281300,154805588
chr5,154518433,155042721
chr5,154773506,155297794
chr5,155708711,156232999
chr5,155931777,156456065
chr5,156162403,156686691
chr5,156476646,157000934
chr5,156978347,157502635
chr5,157202758,157727046
chr5,157399594,157923882
chr5,157694274,158218562
chr5,157910937,158435225
chr5,158123960,158648248
chr5,158319843,158844131
chr5,158531760,159056048
chr5,158778515,159302803
chr5,158992985,159517273
chr5,159286910,159811198
chr5,159599932,160124220
chr5,159806562,160330850
chr5,160005571,160529859
chr5,160207015,160731303
chr5,160920853,161445141
chr5,163272859,163797147
chr5,163541841,164066129
chr5,163955880,164480168
chr5,167131024,167655312
chr5,167469307,167993595
chr5,167776399,168300687
chr5,168126008,168650296
chr5,168321846,168846134
chr5,168548093,169072381
chr5,168930759,169455047
chr5,169131295,169655583
chr5,169412244,169936532
chr5,169608747,170133035
chr5,169807321,170331609
chr5,170055102,170579390
chr5,170287650,170811938
chr5,170653427,171177715
chr5,170992735,171517023
chr5,171223006,171747294
chr5,171431362,171955650
chr5,171699542,172223830
chr5,171938380,172462668
chr5,172196282,172720570
chr5,172439057,172963345
chr5,172637356,173161644
chr5,172851965,173376253
chr5,173137980,173662268
chr5,173334434,173858722
chr5,173542917,174067205
chr5,173753875,174278163
chr5,173995111,174519399
chr5,174191438,174715726
chr5,174571956,175096244
chr5,175052474,175576762
chr5,175314934,175839222
chr5,175645358,176169646
chr5,176196822,176721110
chr5,176449294,176973582
chr5,176831398,177355686
chr5,177029630,177553918
chr5,177225470,177749758
chr5,177428092,177952380
chr5,177711829,178236117
chr5,177914266,178438554
chr5,178303729,178828017
chr5,178525719,179050007
chr5,178896527,179420815
chr5,179098383,179622671
chr5,179323009,179847297
chr5,179533865,180058153
chr5,179906713,180431001
chr5,180129023,180653311
chr5,180331020,180855308
chr5,180621187,181145475
chr5,180951030,181475318
chr6,127467,651755
chr6,517581,1041869
chr6,748373,1272661
chr6,950285,1474573
chr6,1148182,1672470
chr6,1361392,1885680
chr6,1603245,2127533
chr6,1828573,2352861
chr6,2081655,2605943
chr6,2284791,2809079
chr6,2524623,3048911
chr6,2739411,3263699
chr6,2954909,3479197
chr6,3159952,3684240
chr6,3356493,3880781
chr6,3557669,4081957
chr6,3764735,4289023
chr6,3961278,4485566
chr6,4157018,4681306
chr6,4402589,4926877
chr6,4612863,5137151
chr6,4839159,5363447
chr6,5043648,5567936
chr6,5270984,5795272
chr6,5493196,6017484
chr6,5741320,6265608
chr6,6054309,6578597
chr6,6525515,7049803
chr6,6728434,7252722
chr6,6942420,7466708
chr6,7148113,7672401
chr6,7363911,7888199
chr6,7566307,8090595
chr6,7828044,8352332
chr6,8268675,8792963
chr6,8951585,9475873
chr6,9240776,9765064
chr6,9456543,9980831
chr6,9756906,10281194
chr6,10112156,10636444
chr6,10356977,10881265
chr6,10556168,11080456
chr6,10787527,11311815
chr6,11024382,11548670
chr6,11229353,11753641
chr6,11426444,11950732
chr6,11640146,12164434
chr6,11844483,12368771
chr6,12043589,12567877
chr6,12239895,12764183
chr6,12443754,12968042
chr6,12641439,13165727
chr6,12842011,13366299
chr6,13053058,13577346
chr6,13297369,13821657
chr6,13531754,14056042
chr6,13759915,14284203
chr6,14046363,14570651
chr6,14285812,14810100
chr6,14494171,15018459
chr6,14712734,15237022
chr6,14968957,15493245
chr6,15164581,15688869
chr6,15425049,15949337
chr6,15707898,16232186
chr6,15966474,16490762
chr6,16167770,16692058
chr6,16471923,16996211
chr6,16672414,17196702
chr6,16868989,17393277
chr6,17105130,17629418
chr6,17329442,17853730
chr6,17538737,18063025
chr6,17738518,18262806
chr6,17958598,18482886
chr6,18179373,18703661
chr6,18421130,18945418
chr6,19251287,19775575
chr6,19555337,20079625
chr6,20022425,20546713
chr6,20236856,20761144
chr6,20488240,21012528
chr6,20711948,21236236
chr6,20944561,21468849
chr6,21275117,21799405
chr6,21470733,21995021
chr6,21691959,22216247
chr6,21907562,22431850
chr6,22156173,22680461
chr6,22657644,23181932
chr6,22943132,23467420
chr6,24064876,24589164
chr6,24264671,24788959
chr6,24494221,25018509
chr6,24694450,25218738
chr6,24890179,25414467
chr6,25114505,25638793
chr6,25312567,25836855
chr6,25719658,26243946
chr6,25922999,26447287
chr6,26121584,26645872
chr6,26356250,26880538
chr6,26695548,27219836
chr6,26927823,27452111
chr6,27224192,27748480
chr6,27453251,27977539
chr6,27649687,28173975
chr6,27916711,28440999
chr6,28117485,28641773
chr6,28422796,28947084
chr6,28673511,29197799
chr6,29338179,29862467
chr6,29588100,30112388
chr6,29800952,30325240
chr6,30042688,30566976
chr6,30324801,30849089
chr6,30522756,31047044
chr6,30722060,31246348
chr6,30922816,31447104
chr6,31191830,31716118
chr6,31396008,31920296
chr6,31599182,32123470
chr6,31795043,32319331
chr6,32011585,32535873
chr6,32207354,32731642
chr6,32458569,32982857
chr6,32662120,33186408
chr6,32916202,33440490
chr6,33112401,33636689
chr6,33406781,33931069
chr6,33606497,34130785
chr6,34059468,34583756
chr6,34261388,34785676
chr6,34464590,34988878
chr6,34723506,35247794
chr6,34925854,35450142
chr6,35154482,35678770
chr6,35432152,35956440
chr6,35647318,36171606
chr6,35864848,36389136
chr6,36083325,36607613
chr6,36279115,36803403
chr6,36479155,37003443
chr6,36688851,37213139
chr6,36884842,37409130
chr6,37080961,37605249
chr6,37287622,37811910
chr6,37524950,38049238
chr6,37755606,38279894
chr6,37953394,38477682
chr6,38173684,38697972
chr6,38424001,38948289
chr6,38950268,39474556
chr6,39198145,39722433
chr6,39543815,40068103
chr6,39797142,40321430
chr6,40147752,40672040
chr6,40528582,41052870
chr6,40743042,41267330
chr6,41065132,41589420
chr6,41407036,41931324
chr6,41602785,42127073
chr6,41886358,42410646
chr6,42084830,42609118
chr6,42286584,42810872
chr6,42528533,43052821
chr6,42724862,43249150
chr6,42924797,43449085
chr6,43192193,43716481
chr6,43410941,43935229
chr6,43607908,44132196
chr6,43808057,44332345
chr6,44058877,44583165
chr6,44264298,44788586
chr6,44478549,45002837
chr6,44910754,45435042
chr6,45212998,45737286
chr6,45413217,45937505
chr6,45627171,46151459
chr6,45880737,46405025
chr6,46762049,47286337
chr6,46970325,47494613
chr6,47250689,47774977
chr6,47946720,48471008
chr6,48262112,48786400
chr6,48572325,49096613
chr6,49161474,49685762
chr6,49377530,49901818
chr6,51993205,52517493
chr6,52197488,52721776
chr6,52393879,52918167
chr6,52625518,53149806
chr6,52826083,53350371
chr6,53085761,53610049
chr6,53301894,53826182
chr6,53570615,54094903
chr6,53819159,54343447
chr6,54100627,54624915
chr6,54329183,54853471
chr6,54637206,55161494
chr6,54875800,55400088
chr6,55540539,56064827
chr6,55760850,56285138
chr6,56035548,56559836
chr6,56251880,56776168
chr6,56475931,57000219
chr6,56674793,57199081
chr6,56882838,57407126
chr6,57078686,57602974
chr6,57277867,57802155
chr6,57737269,58261557
chr6,58029348,58553636
chr6,60200148,60724436
chr6,60403537,60927825
chr6,63182737,63707025
chr6,63407743,63932031
chr6,63623137,64147425
chr6,66020298,66544586
chr6,66441157,66965445
chr6,69632270,70156558
chr6,70016881,70541169
chr6,70248642,70772930
chr6,70503190,71027478
chr6,70915285,71439573
chr6,71123564,71647852
chr6,71325766,71850054
chr6,72122423,72646711
chr6,72389576,72913864
chr6,72620258,73144546
chr6,72868655,73392943
chr6,73070363,73594651
chr6,73288174,73812462
chr6,73488967,74013255
chr6,73708603,74232891
chr6,73904794,74429082
chr6,74125256,74649544
chr6,74413973,74938261
chr6,74714635,75238923
chr6,74930820,75455108
chr6,75153497,75677785
chr6,75437204,75961492
chr6,77128903,77653191
chr6,78374224,78898512
chr6,78702934,79227222
chr6,78912023,79436311
chr6,79143352,79667640
chr6,79372615,79896903
chr6,79839920,80364208
chr6,80260521,80784809
chr6,80473183,80997471
chr6,81076705,81600993
chr6,81286250,81810538
chr6,81552507,82076795
chr6,81769711,82293999
chr6,81979351,82503639
chr6,82197474,82721762
chr6,82426156,82950444
chr6,82711185,83235473
chr6,82928922,83453210
chr6,83145475,83669763
chr6,83695586,84219874
chr6,83941181,84465469
chr6,84246872,84771160
chr6,84454204,84978492
chr6,84844453,85368741
chr6,85190664,85714952
chr6,85396924,85921212
chr6,85701664,86225952
chr6,86929174,87453462
chr6,87158544,87682832
chr6,87414476,87938764
chr6,87625188,88149476
chr6,88216230,88740518
chr6,88485786,89010074
chr6,88703789,89228077
chr6,88916046,89440334
chr6,89134117,89658405
chr6,89473856,89998144
chr6,89763981,90288269
chr6,89967114,90491402
chr6,90203862,90728150
chr6,90419442,90943730
chr6,90625803,91150091
chr6,95412927,95937215
chr6,96357173,96881461
chr6,96732930,97257218
chr6,97118486,97642774
chr6,98782936,99307224
chr6,99229757,99754045
chr6,99769180,100293468
chr6,100011485,100535773
chr6,100266623,100790911
chr6,100468290,100992578
chr6,100669533,101193821
chr6,100916027,101440315
chr6,101227385,101751673
chr6,101433890,101958178
chr6,101641741,102166029
chr6,102572492,103096780
chr6,104525513,105049801
chr6,104881082,105405370
chr6,105162965,105687253
chr6,105381941,105906229
chr6,105584960,106109248
chr6,105827957,106352245
chr6,106028592,106552880
chr6,106347988,106872276
chr6,106864254,107388542
chr6,107155688,107679976
chr6,107506989,108031277
chr6,107793221,108317509
chr6,108096018,108620306
chr6,108393216,108917504
chr6,108607794,109132082
chr6,108805516,109329804
chr6,109075724,109600012
chr6,109275067,109799355
chr6,109522951,110047239
chr6,109932438,110456726
chr6,110234265,110758553
chr6,110463768,110988056
chr6,110709980,111234268
chr6,110912105,111436393
chr6,111126587,111650875
chr6,111322991,111847279
chr6,111519080,112043368
chr6,111716247,112240535
chr6,111923436,112447724
chr6,112124855,112649143
chr6,112398657,112922945
chr6,112637519,113161807
chr6,112851307,113375595
chr6,113181064,113705352
chr6,113396412,113920700
chr6,113599462,114123750
chr6,113805842,114330130
chr6,115350091,115874379
chr6,115844399,116368687
chr6,116064898,116589186
chr6,116262303,116786591
chr6,116504228,117028516
chr6,117276029,117800317
chr6,117510795,118035083
chr6,117936961,118461249
chr6,118153584,118677872
chr6,118378607,118902895
chr6,118580338,119104626
chr6,118965547,119489835
chr6,119186012,119710300
chr6,119411329,119935617
chr6,121169950,121694238
chr6,121379831,121904119
chr6,121584549,122108837
chr6,121787862,122312150
chr6,122234623,122758911
chr6,122532253,123056541
chr6,124718205,125242493
chr6,124930808,125455096
chr6,125137062,125661350
chr6,125616556,126140844
chr6,125819161,126343449
chr6,126175500,126699788
chr6,126496720,127021008
chr6,126755199,127279487
chr6,127012586,127536874
chr6,127256601,127780889
chr6,127774197,128298485
chr6,128045093,128569381
chr6,128301552,128825840
chr6,128532284,129056572
chr6,128755513,129279801
chr6,129019241,129543529
chr6,129317756,129842044
chr6,129513778,130038066
chr6,129726183,130250471
chr6,130014872,130539160
chr6,130220891,130745179
chr6,130423624,130947912
chr6,130687237,131211525
chr6,130886404,131410692
chr6,131236059,131760347
chr6,131438530,131962818
chr6,131643183,132167471
chr6,131856096,132380384
chr6,132072437,132596725
chr6,132279266,132803554
chr6,132522943,133047231
chr6,132743469,133267757
chr6,133090681,133614969
chr6,133387509,133911797
chr6,133591589,134115877
chr6,133787479,134311767
chr6,134006013,134530301
chr6,134208518,134732806
chr6,134424379,134948667
chr6,134649638,135173926
chr6,134848892,135373180
chr6,135048635,135572923
chr6,135294155,135818443
chr6,135522967,136047255
chr6,135737614,136261902
chr6,135949303,136473591
chr6,136239215,136763503
chr6,136435581,136959869
chr6,136657954,137182242
chr6,136938835,137463123
chr6,137251178,137775466
chr6,137527601,138051889
chr6,137728610,138252898
chr6,137924394,138448682
chr6,138239008,138763296
chr6,138436161,138960449
chr6,138641619,139165907
chr6,138863314,139387602
chr6,139132976,139657264
chr6,139369225,139893513
chr6,139579786,140104074
chr6,139778749,140303037
chr6,140010001,140534289
chr6,140215363,140739651
chr6,140459029,140983317
chr6,140681320,141205608
chr6,141102086,141626374
chr6,141300800,141825088
chr6,141825352,142349640
chr6,142133240,142657528
chr6,142378773,142903061
chr6,142575827,143100115
chr6,142775261,143299549
chr6,142975681,143499969
chr6,143172758,143697046
chr6,143392256,143916544
chr6,143595694,144119982
chr6,143842943,144367231
chr6,144051700,144575988
chr6,144247560,144771848
chr6,144545730,145070018
chr6,144748737,145273025
chr6,144974745,145499033
chr6,145208600,145732888
chr6,145505226,146029514
chr6,145717595,146241883
chr6,146126413,146650701
chr6,146378863,146903151
chr6,146686399,147210687
chr6,146899697,147423985
chr6,147104539,147628827
chr6,147487285,148011573
chr6,147900372,148424660
chr6,148102601,148626889
chr6,148300298,148824586
chr6,148536503,149060791
chr6,148834001,149358289
chr6,149046878,149571166
chr6,149279272,149803560
chr6,149478807,150003095
chr6,149676359,150200647
chr6,149904423,150428711
chr6,150102824,150627112
chr6,150326951,150851239
chr6,150587463,151111751
chr6,150834572,151358860
chr6,151075545,151599833
chr6,151272293,151796581
chr6,151515186,152039474
chr6,151752971,152277259
chr6,151965692,152489980
chr6,152213637,152737925
chr6,152433943,152958231
chr6,152815139,153339427
chr6,154128957,154653245
chr6,154324902,154849190
chr6,154568666,155092954
chr6,154766941,155291229
chr6,154962592,155486880
chr6,155164002,155688290
chr6,155359648,155883936
chr6,155600862,156125150
chr6,155797700,156321988
chr6,156261492,156785780
chr6,156522773,157047061
chr6,156785052,157309340
chr6,156980919,157505207
chr6,157216128,157740416
chr6,157448906,157973194
chr6,157649274,158173562
chr6,157846597,158370885
chr6,158043086,158567374
chr6,158244030,158768318
chr6,158467003,158991291
chr6,158673999,159198287
chr6,158874987,159399275
chr6,159089051,159613339
chr6,159324335,159848623
chr6,159524939,160049227
chr6,159735891,160260179
chr6,159968138,160492426
chr6,160172641,160696929
chr6,160808272,161332560
chr6,161004092,161528380
chr6,161204845,161729133
chr6,161944525,162468813
chr6,162563850,163088138
chr6,162779086,163303374
chr6,163191826,163716114
chr6,163421335,163945623
chr6,163629179,164153467
chr6,165841493,166365781
chr6,166177830,166702118
chr6,166388928,166913216
chr6,166794833,167319121
chr6,167660503,168184791
chr6,167867922,168392210
chr6,168743712,169268000
chr6,168977123,169501411
chr6,169199147,169723435
chr6,169425229,169949517
chr6,169625589,170149877
chr6,169873267,170397555
chr6,170141688,170665976
chr7,305021,829309
chr7,648799,1173087
chr7,864450,1388738
chr7,1233553,1757841
chr7,1447188,1971476
chr7,1673809,2198097
chr7,1917983,2442271
chr7,2135247,2659535
chr7,2343850,2868138
chr7,2568954,3093242
chr7,3104124,3628412
chr7,4393258,4917546
chr7,4610955,5135243
chr7,4881272,5405560
chr7,5163289,5687577
chr7,5362289,5886577
chr7,5590951,6115239
chr7,5844298,6368586
chr7,6042148,6566436
chr7,6265697,6789985
chr7,6475880,7000168
chr7,6993266,7517554
chr7,7260381,7784669
chr7,7475912,8000200
chr7,7747010,8271298
chr7,7996646,8520934
chr7,10771413,11295701
chr7,11028748,11553036
chr7,12046520,12570808
chr7,12267974,12792262
chr7,12496000,13020288
chr7,12885814,13410102
chr7,13464732,13989020
chr7,13665546,14189834
chr7,14583872,15108160
chr7,15034164,15558452
chr7,15299941,15824229
chr7,15545420,16069708
chr7,15757186,16281474
chr7,15964964,16489252
chr7,16192102,16716390
chr7,16480724,17005012
chr7,16751556,17275844
chr7,16958716,17483004
chr7,17155113,17679401
chr7,17352268,17876556
chr7,17609348,18133636
chr7,17849545,18373833
chr7,18226000,18750288
chr7,18474550,18998838
chr7,18697073,19221361
chr7,18896422,19420710
chr7,19120018,19644306
chr7,19544415,20068703
chr7,19775912,20300200
chr7,19987883,20512171
chr7,20221246,20745534
chr7,21262561,21786849
chr7,21601238,22125526
chr7,21835422,22359710
chr7,22074886,22599174
chr7,22271540,22795828
chr7,22482953,23007241
chr7,22689535,23213823
chr7,22901497,23425785
chr7,23134747,23659035
chr7,23367522,23891810
chr7,23701354,24225642
chr7,24408428,24932716
chr7,24613419,25137707
chr7,24809868,25334156
chr7,25685272,26209560
chr7,25990141,26514429
chr7,26699966,27224254
chr7,26932423,27456711
chr7,27182423,27706711
chr7,27441857,27966145
chr7,27643772,28168060
chr7,27853955,28378243
chr7,28151670,28675958
chr7,28369916,28894204
chr7,28567660,29091948
chr7,28820616,29344904
chr7,29122915,29647203
chr7,29324540,29848828
chr7,29823523,30347811
chr7,30119776,30644064
chr7,30340348,30864636
chr7,30586449,31110737
chr7,30810340,31334628
chr7,31624460,32148748
chr7,31822413,32346701
chr7,32325899,32850187
chr7,32563603,33087891
chr7,32773269,33297557
chr7,32992104,33516392
chr7,33254309,33778597
chr7,33486429,34010717
chr7,33689317,34213605
chr7,33893147,34417435
chr7,34095844,34620132
chr7,34774711,35298999
chr7,35432160,35956448
chr7,35636458,36160746
chr7,35869602,36393890
chr7,36093996,36618284
chr7,36418188,36942476
chr7,36867456,37391744
chr7,38013520,38537808
chr7,38342534,38866822
chr7,38587565,39111853
chr7,39401808,39926096
chr7,39598493,40122781
chr7,39843720,40368008
chr7,40055415,40579703
chr7,40273866,40798154
chr7,40495019,41019307
chr7,40722687,41246975
chr7,40933088,41457376
chr7,41159817,41684105
chr7,41385442,41909730
chr7,41659481,42183769
chr7,41916439,42440727
chr7,42173990,42698278
chr7,42508190,43032478
chr7,42724719,43249007
chr7,42954994,43479282
chr7,43198471,43722759
chr7,43401979,43926267
chr7,43618152,44142440
chr7,43854481,44378769
chr7,44093410,44617698
chr7,44296899,44821187
chr7,44514279,45038567
chr7,44717089,45241377
chr7,44946886,45471174
chr7,45282324,45806612
chr7,45482649,46006937
chr7,45710316,46234604
chr7,45979811,46504099
chr7,46185924,46710212
chr7,46381991,46906279
chr7,46587497,47111785
chr7,46808190,47332478
chr7,47089259,47613547
chr7,47285772,47810060
chr7,47487022,48011310
chr7,47710010,48234298
chr7,47919276,48443564
chr7,48116269,48640557
chr7,50271593,50795881
chr7,50492950,51017238
chr7,50704909,51229197
chr7,50959109,51483397
chr7,51228140,51752428
chr7,54594414,55118702
chr7,54796671,55320959
chr7,54992707,55516995
chr7,55188345,55712633
chr7,55404837,55929125
chr7,55722963,56247251
chr7,55941764,56466052
chr7,56214515,56738803
chr7,56668412,57192700
chr7,63578727,64103015
chr7,64143381,64667669
chr7,64377368,64901656
chr7,64629616,65153904
chr7,64842250,65366538
chr7,65209621,65733909
chr7,65581770,66106058
chr7,65782982,66307270
chr7,65981555,66505843
chr7,66187892,66712180
chr7,66387812,66912100
chr7,66584598,67108886
chr7,66788080,67312368
chr7,67062407,67586695
chr7,67773974,68298262
chr7,68081833,68606121
chr7,68383227,68907515
chr7,68799131,69323419
chr7,69873783,70398071
chr7,70227617,70751905
chr7,70470288,70994576
chr7,71322296,71846584
chr7,71704341,72228629
chr7,71934860,72459148
chr7,72518357,73042645
chr7,72714751,73239039
chr7,73036190,73560478
chr7,73356240,73880528
chr7,73553501,74077789
chr7,73827710,74351998
chr7,74023539,74547827
chr7,74229171,74753459
chr7,74492709,75016997
chr7,74725676,75249964
chr7,74927957,75452245
chr7,75194304,75718592
chr7,75432371,75956659
chr7,75678404,76202692
chr7,75883265,76407553
chr7,76127100,76651388
chr7,76384745,76909033
chr7,76796104,77320392
chr7,77162615,77686903
chr7,77360791,77885079
chr7,77564345,78088633
chr7,77854760,78379048
chr7,78053668,78577956
chr7,78307573,78831861
chr7,78513555,79037843
chr7,78793869,79318157
chr7,78992896,79517184
chr7,79256530,79780818
chr7,79488760,80013048
chr7,79760205,80284493
chr7,79970043,80494331
chr7,80214616,80738904
chr7,80447396,80971684
chr7,80644559,81168847
chr7,80848748,81373036
chr7,81045681,81569969
chr7,81335369,81859657
chr7,81561073,82085361
chr7,81872187,82396475
chr7,82155556,82679844
chr7,82363428,82887716
chr7,82591570,83115858
chr7,83304412,83828700
chr7,83857142,84381430
chr7,84067455,84591743
chr7,84326812,84851100
chr7,84524123,85048411
chr7,84749208,85273496
chr7,84971988,85496276
chr7,85315854,85840142
chr7,85609030,86133318
chr7,86767642,87291930
chr7,86987787,87512075
chr7,87249593,87773881
chr7,87687310,88211598
chr7,88055356,88579644
chr7,89074433,89598721
chr7,89989033,90513321
chr7,90219969,90744257
chr7,90430540,90954828
chr7,90652306,91176594
chr7,90871186,91395474
chr7,91074930,91599218
chr7,91394214,91918502
chr7,91716212,92240500
chr7,91969305,92493593
chr7,92195910,92720198
chr7,92421915,92946203
chr7,92621634,93145922
chr7,92847104,93371392
chr7,93067707,93591995
chr7,93725925,94250213
chr7,93923348,94447636
chr7,94125178,94649466
chr7,94345174,94869462
chr7,95270291,95794579
chr7,96024202,96548490
chr7,96224329,96748617
chr7,96545428,97069716
chr7,96942534,97466822
chr7,97707718,98232006
chr7,97967736,98492024
chr7,98165460,98689748
chr7,98690146,99214434
chr7,98908231,99432519
chr7,99109953,99634241
chr7,99308152,99832440
chr7,99515130,100039418
chr7,99754574,100278862
chr7,99955134,100479422
chr7,100171196,100695484
chr7,100381219,100905507
chr7,100637819,101162107
chr7,100853156,101377444
chr7,101052556,101576844
chr7,101355149,101879437
chr7,101553727,102078015
chr7,101759729,102284017
chr7,101957546,102481834
chr7,102199148,102723436
chr7,102407973,102932261
chr7,102625015,103149303
chr7,102827099,103351387
chr7,103115837,103640125
chr7,103472680,103996968
chr7,103959946,104484234
chr7,104161566,104685854
chr7,104758976,105283264
chr7,104985390,105509678
chr7,105187247,105711535
chr7,105526171,106050459
chr7,105768863,106293151
chr7,106025997,106550285
chr7,106253325,106777613
chr7,106450653,106974941
chr7,106659915,107184203
chr7,106870904,107395192
chr7,107207703,107731991
chr7,107415458,107939746
chr7,107701909,108226197
chr7,107898623,108422911
chr7,108145235,108669523
chr7,108360311,108884599
chr7,110370333,110894621
chr7,110758529,111282817
chr7,110973903,111498191
chr7,111198629,111722917
chr7,111397495,111921783
chr7,111670825,112195113
chr7,111891784,112416072
chr7,112256428,112780716
chr7,112504915,113029203
chr7,112766247,113290535
chr7,113045424,113569712
chr7,113884158,114408446
chr7,114600446,115124734
chr7,114824299,115348587
chr7,115065873,115590161
chr7,115312977,115837265
chr7,115513944,116038232
chr7,115932896,116457184
chr7,116147798,116672086
chr7,116345830,116870118
chr7,116542354,117066642
chr7,116747426,117271714
chr7,116959273,117483561
chr7,117159888,117684176
chr7,117519221,118043509
chr7,118019447,118543735
chr7,119889304,120413592
chr7,120786488,121310776
chr7,121040219,121564507
chr7,121340175,121864463
chr7,121780522,122304810
chr7,121979413,122503701
chr7,123368267,123892555
chr7,123583846,124108134
chr7,123988761,124513049
chr7,124294770,124819058
chr7,124765301,125289589
chr7,126536531,127060819
chr7,127227283,127751571
chr7,127423672,127947960
chr7,127644801,128169089
chr7,127858769,128383057
chr7,128057468,128581756
chr7,128291133,128815421
chr7,128533287,129057575
chr7,128738805,129263093
chr7,129060299,129584587
chr7,129269762,129794050
chr7,129500662,130024950
chr7,129717752,130242040
chr7,130016165,130540453
chr7,130228516,130752804
chr7,130485094,131009382
chr7,130681240,131205528
chr7,130891433,131415721
chr7,131128494,131652782
chr7,131328301,131852589
chr7,131557981,132082269
chr7,131901189,132425477
chr7,132266909,132791197
chr7,132502450,133026738
chr7,132701374,133225662
chr7,132917422,133441710
chr7,133190685,133714973
chr7,133398066,133922354
chr7,133633689,134157977
chr7,134010968,134535256
chr7,134268362,134792650
chr7,134465811,134990099
chr7,134661510,135185798
chr7,134983382,135507670
chr7,135322367,135846655
chr7,135520746,136045034
chr7,135759134,136283422
chr7,136337370,136861658
chr7,136788975,137313263
chr7,136986853,137511141
chr7,137235744,137760032
chr7,137503683,138027971
chr7,137707421,138231709
chr7,137961170,138485458
chr7,138297061,138821349
chr7,138687584,139211872
chr7,138910652,139434940
chr7,139175738,139700026
chr7,139430532,139954820
chr7,139689692,140213980
chr7,139895455,140419743
chr7,140151734,140676022
chr7,140376977,140901265
chr7,140759830,141284118
chr7,140981266,141505554
chr7,141198641,141722929
chr7,141421550,141945838
chr7,142644141,143168429
chr7,142849394,143373682
chr7,143076226,143600514
chr7,143288675,143812963
chr7,143486206,144010494
chr7,143718066,144242354
chr7,144071382,144595670
chr7,144671158,145195446
chr7,146797131,147321419
chr7,147236355,147760643
chr7,148400145,148924433
chr7,148608001,149132289
chr7,148819240,149343528
chr7,149032015,149556303
chr7,149292660,149816948
chr7,149551012,150075300
chr7,149923147,150447435
chr7,150205167,150729455
chr7,150849910,151374198
chr7,151062424,151586712
chr7,151261880,151786168
chr7,151467178,151991466
chr7,151861033,152385321
chr7,152219464,152743752
chr7,152511295,153035583
chr7,153687841,154212129
chr7,154508684,155032972
chr7,154763717,155288005
chr7,155002287,155526575
chr7,155479529,156003817
chr7,155721171,156245459
chr7,156476766,157001054
chr7,156729386,157253674
chr7,156972424,157496712
chr7,157171976,157696264
chr7,157400890,157925178
chr7,158138099,158662387
chr7,158484583,159008871
chr7,158691902,159216190
chr8,297252,821540
chr8,559903,1084191
chr8,1274291,1798579
chr8,1581557,2105845
chr8,1791423,2315711
chr8,2562804,3087092
chr8,5442614,5966902
chr8,5853895,6378183
chr8,6242018,6766306
chr8,6480314,7004602
chr8,6676836,7201124
chr8,7156875,7681163
chr8,7634917,8159205
chr8,8016102,8540390
chr8,8214673,8738961
chr8,8436608,8960896
chr8,8641843,9166131
chr8,8838137,9362425
chr8,9353047,9877335
chr8,9611666,10135954
chr8,9889735,10414023
chr8,10115133,10639421
chr8,10488433,11012721
chr8,10850703,11374991
chr8,11119579,11643867
chr8,11316245,11840533
chr8,11597861,12122149
chr8,11830747,12355035
chr8,12028677,12552965
chr8,12227100,12751388
chr8,12447018,12971306
chr8,12780877,13305165
chr8,12982933,13507221
chr8,13188813,13713101
chr8,13384431,13908719
chr8,13648965,14173253
chr8,13919324,14443612
chr8,14617031,15141319
chr8,15252735,15777023
chr8,15481015,16005303
chr8,16245637,16769925
chr8,16457911,16982199
chr8,16662099,17186387
chr8,16862376,17386664
chr8,17061909,17586197
chr8,17446440,17970728
chr8,17758164,18282452
chr8,18394309,18918597
chr8,18597840,19122128
chr8,18793715,19318003
chr8,19004853,19529141
chr8,19219941,19744229
chr8,19415742,19940030
chr8,19652537,20176825
chr8,19922413,20446701
chr8,20142779,20667067
chr8,21327976,21852264
chr8,21523833,22048121
chr8,21754862,22279150
chr8,21976239,22500527
chr8,22172200,22696488
chr8,22377454,22901742
chr8,22580435,23104723
chr8,22810133,23334421
chr8,23007474,23531762
chr8,23203563,23727851
chr8,23403474,23927762
chr8,23619512,24143800
chr8,23815246,24339534
chr8,24030510,24554798
chr8,24485001,25009289
chr8,24768252,25292540
chr8,25010149,25534437
chr8,25211175,25735463
chr8,25525624,26049912
chr8,25730546,26254834
chr8,25969814,26494102
chr8,26165485,26689773
chr8,26408414,26932702
chr8,26868212,27392500
chr8,27067584,27591872
chr8,27449730,27974018
chr8,27664660,28188948
chr8,27928547,28452835
chr8,28184155,28708443
chr8,28457827,28982115
chr8,28660153,29184441
chr8,28890497,29414785
chr8,29087721,29612009
chr8,29295220,29819508
chr8,29491997,30016285
chr8,29688705,30212993
chr8,29892459,30416747
chr8,30090146,30614434
chr8,30298731,30823019
chr8,30524470,31048758
chr8,30869682,31393970
chr8,31101445,31625733
chr8,31591438,32115726
chr8,32029851,32554139
chr8,32257008,32781296
chr8,32455188,32979476
chr8,32704593,33228881
chr8,32906675,33430963
chr8,33145943,33670231
chr8,33344975,33869263
chr8,35213376,35737664
chr8,35806692,36330980
chr8,36716262,37240550
chr8,36927282,37451570
chr8,37157287,37681575
chr8,37357571,37881859
chr8,37571940,38096228
chr8,37865718,38390006
chr8,38062465,38586753
chr8,38277990,38802278
chr8,38480628,39004916
chr8,38677895,39202183
chr8,38873643,39397931
chr8,39107636,39631924
chr8,39874629,40398917
chr8,40179223,40703511
chr8,40375880,40900168
chr8,40908595,41432883
chr8,41325727,41850015
chr8,41521529,42045817
chr8,41840518,42364806
chr8,42043137,42567425
chr8,42248425,42772713
chr8,42454804,42979092
chr8,42678256,43202544
chr8,42891573,43415861
chr8,47096162,47620450
chr8,47316376,47840664
chr8,47512473,48036761
chr8,47722724,48247012
chr8,47937135,48461423
chr8,48134193,48658481
chr8,48329954,48854242
chr8,48576935,49101223
chr8,48878428,49402716
chr8,49631825,50156113
chr8,49891886,50416174
chr8,50879319,51403607
chr8,51225155,51749443
chr8,51677140,52201428
chr8,51952909,52477197
chr8,52242211,52766499
chr8,52452727,52977015
chr8,52660350,53184638
chr8,53349899,53874187
chr8,53676954,54201242
chr8,53884708,54408996
chr8,54104477,54628765
chr8,54464718,54989006
chr8,55608561,56132849
chr8,55824444,56348732
chr8,56026363,56550651
chr8,56307982,56832270
chr8,56517487,57041775
chr8,56714566,57238854
chr8,57242629,57766917
chr8,57538376,58062664
chr8,57769360,58293648
chr8,57965307,58489595
chr8,58388522,58912810
chr8,58594799,59119087
chr8,58953200,59477488
chr8,59461714,59986002
chr8,60348663,60872951
chr8,60747887,61272175
chr8,61069778,61594066
chr8,61280534,61804822
chr8,61492875,62017163
chr8,62872308,63396596
chr8,63168564,63692852
chr8,64564674,65088962
chr8,65469443,65993731
chr8,65676912,66201200
chr8,65877626,66401914
chr8,66180689,66704977
chr8,66384244,66908532
chr8,66610563,67134851
chr8,66863996,67388284
chr8,67142598,67666886
chr8,67340300,67864588
chr8,68075529,68599817
chr8,68413635,68937923
chr8,68626399,69150687
chr8,68824349,69348637
chr8,69113065,69637353
chr8,69324431,69848719
chr8,69669904,70194192
chr8,69984004,70508292
chr8,70237968,70762256
chr8,70443010,70967298
chr8,71666882,72191170
chr8,71871153,72395441
chr8,72844648,73368936
chr8,73129067,73653355
chr8,73355676,73879964
chr8,73581623,74105911
chr8,73801776,74326064
chr8,74009388,74533676
chr8,74417239,74941527
chr8,74613579,75137867
chr8,75585492,76109780
chr8,76242033,76766321
chr8,76517106,77041394
chr8,76729472,77253760
chr8,76954382,77478670
chr8,78344231,78868519
chr8,78639685,79163973
chr8,78856424,79380712
chr8,79084948,79609236
chr8,79490741,80015029
chr8,79712558,80236846
chr8,79921256,80445544
chr8,80320925,80845213
chr8,80827400,81351688
chr8,81030112,81554400
chr8,81521579,82045867
chr8,82511957,83036245
chr8,84466436,84990724
chr8,84942599,85466887
chr8,85934108,86458396
chr8,86178887,86703175
chr8,87667799,88192087
chr8,87937860,88462148
chr8,88134024,88658312
chr8,88793232,89317520
chr8,89036942,89561230
chr8,89239847,89764135
chr8,89447202,89971490
chr8,89648411,90172699
chr8,90303745,90828033
chr8,90506371,91030659
chr8,90820589,91344877
chr8,91155393,91679681
chr8,91430889,91955177
chr8,91675923,92200211
chr8,91884885,92409173
chr8,92086924,92611212
chr8,92360957,92885245
chr8,92795852,93320140
chr8,93259495,93783783
chr8,93535755,94060043
chr8,93740919,94265207
chr8,93937368,94461656
chr8,94139655,94663943
chr8,94388936,94913224
chr8,94633108,95157396
chr8,94860355,95384643
chr8,95059456,95583744
chr8,95301167,95825455
chr8,95516934,96041222
chr8,95932328,96456616
chr8,96169235,96693523
chr8,96366901,96891189
chr8,96567641,97091929
chr8,96764208,97288496
chr8,96983877,97508165
chr8,97183565,97707853
chr8,97379939,97904227
chr8,97611087,98135375
chr8,97806803,98331091
chr8,98005570,98529858
chr8,98203081,98727369
chr8,98435105,98959393
chr8,98643901,99168189
chr8,98848800,99373088
chr8,99239315,99763603
chr8,99444380,99968668
chr8,99695817,100220105
chr8,99985995,100510283
chr8,100294217,100818505
chr8,100549678,101073966
chr8,100749820,101274108
chr8,100961856,101486144
chr8,101177595,101701883
chr8,101374196,101898484
chr8,101667308,102191596
chr8,101874047,102398335
chr8,102072521,102596809
chr8,102364688,102888976
chr8,102564059,103088347
chr8,102759946,103284234
chr8,102955792,103480080
chr8,103173561,103697849
chr8,103737702,104261990
chr8,104165957,104690245
chr8,104423901,104948189
chr8,104905413,105429701
chr8,105847362,106371650
chr8,106105438,106629726
chr8,106336178,106860466
chr8,106561912,107086200
chr8,106760899,107285187
chr8,106970898,107495186
chr8,107279365,107803653
chr8,107539631,108063919
chr8,107955176,108479464
chr8,108278903,108803191
chr8,108861750,109386038
chr8,109127897,109652185
chr8,109375030,109899318
chr8,114890934,115415222
chr8,115162980,115687268
chr8,115411755,115936043
chr8,115703141,116227429
chr8,115913511,116437799
chr8,116141458,116665746
chr8,116340893,116865181
chr8,116545364,117069652
chr8,116822061,117346349
chr8,117234946,117759234
chr8,117444518,117968806
chr8,117646571,118170859
chr8,117844725,118369013
chr8,118042633,118566921
chr8,118251064,118775352
chr8,118457794,118982082
chr8,118679824,119204112
chr8,118887003,119411291
chr8,119252185,119776473
chr8,119475149,119999437
chr8,119690844,120215132
chr8,119918059,120442347
chr8,120200571,120724859
chr8,120420837,120945125
chr8,120616661,121140949
chr8,120812550,121336838
chr8,121027334,121551622
chr8,121242236,121766524
chr8,121442512,121966800
chr8,121642823,122167111
chr8,121844985,122369273
chr8,122073603,122597891
chr8,122269359,122793647
chr8,122473087,122997375
chr8,122687249,123211537
chr8,122893717,123418005
chr8,123104921,123629209
chr8,123302343,123826631
chr8,123506295,124030583
chr8,123714215,124238503
chr8,124011260,124535548
chr8,124286206,124810494
chr8,124562513,125086801
chr8,124809069,125333357
chr8,125009474,125533762
chr8,125223870,125748158
chr8,125439050,125963338
chr8,125657658,126181946
chr8,126656231,127180519
chr8,126870917,127395205
chr8,127086042,127610330
chr8,127290952,127815240
chr8,127570749,128095037
chr8,127767871,128292159
chr8,127963925,128488213
chr8,128168459,128692747
chr8,128375665,128899953
chr8,128573433,129097721
chr8,128807480,129331768
chr8,129038017,129562305
chr8,129256696,129780984
chr8,129515781,130040069
chr8,129719338,130243626
chr8,129915793,130440081
chr8,130112669,130636957
chr8,130318773,130843061
chr8,130517919,131042207
chr8,130715864,131240152
chr8,131650192,132174480
chr8,131852162,132376450
chr8,132106820,132631108
chr8,132442293,132966581
chr8,132711545,133235833
chr8,132911816,133436104
chr8,133127416,133651704
chr8,133335399,133859687
chr8,133565749,134090037
chr8,133766425,134290713
chr8,133998437,134522725
chr8,134292949,134817237
chr8,134521268,135045556
chr8,134728104,135252392
chr8,135276940,135801228
chr8,136552188,137076476
chr8,136982334,137506622
chr8,138628941,139153229
chr8,139051486,139575774
chr8,139730613,140254901
chr8,139955159,140479447
chr8,140292569,140816857
chr8,140540363,141064651
chr8,140791526,141315814
chr8,140987657,141511945
chr8,141328081,141852369
chr8,141623760,142148048
chr8,142070601,142594889
chr8,142451101,142975389
chr8,142650254,143174542
chr8,142851626,143375914
chr8,143100146,143624434
chr8,143329787,143854075
chr8,143650565,144174853
chr8,143850130,144374418
chr8,144110868,144635156
chr8,144313297,144837585
chr8,144521887,145046175
chr9,273038,797326
chr9,518784,1043072
chr9,798218,1322506
chr9,1033354,1557642
chr9,1815179,2339467
chr9,2016302,2540590
chr9,2395114,2919402
chr9,2604118,3128406
chr9,2800265,3324553
chr9,3036615,3560903
chr9,3360963,3885251
chr9,3568261,4092549
chr9,3768078,4292366
chr9,3972652,4496940
chr9,4206647,4730935
chr9,4497655,5021943
chr9,4729738,5254026
chr9,5225407,5749695
chr9,5422572,5946860
chr9,5680153,6204441
chr9,5915853,6440141
chr9,6191215,6715503
chr9,6388358,6912646
chr9,6593126,7117414
chr9,6790805,7315093
chr9,7007882,7532170
chr9,7204433,7728721
chr9,7634771,8159059
chr9,8201558,8725846
chr9,8700312,9224600
chr9,9277895,9802183
chr9,12554299,13078587
chr9,12759131,13283419
chr9,12975264,13499552
chr9,13223362,13747650
chr9,13541581,14065869
chr9,13775201,14299489
chr9,14156579,14680867
chr9,14523177,15047465
chr9,15056519,15580807
chr9,15258119,15782407
chr9,15532765,16057053
chr9,15770967,16295255
chr9,15969931,16494219
chr9,16171418,16695706
chr9,16368121,16892409
chr9,16623353,17147641
chr9,16821521,17345809
chr9,18073653,18597941
chr9,18273538,18797826
chr9,18469417,18993705
chr9,18699469,19223757
chr9,18937562,19461850
chr9,19211034,19735322
chr9,19770612,20294900
chr9,20105804,20630092
chr9,20348168,20872456
chr9,20568186,21092474
chr9,20817176,21341464
chr9,21170673,21694961
chr9,21369509,21893797
chr9,21606956,22131244
chr9,21822916,22347204
chr9,22044898,22569186
chr9,22518671,23042959
chr9,25513063,26037351
chr9,25800411,26324699
chr9,26000190,26524478
chr9,26727870,27252158
chr9,26923501,27447789
chr9,27296252,27820540
chr9,27620875,28145163
chr9,32219934,32744222
chr9,32674718,33199006
chr9,32879285,33403573
chr9,33086223,33610511
chr9,33294557,33818845
chr9,33587088,34111376
chr9,33782908,34307196
chr9,33993851,34518139
chr9,34239181,34763469
chr9,34447520,34971808
chr9,34797322,35321610
chr9,34997322,35521610
chr9,35202251,35726539
chr9,35439522,35963810
chr9,35647630,36171918
chr9,35854935,36379223
chr9,36093695,36617983
chr9,36306564,36830852
chr9,36760662,37284950
chr9,36956636,37480924
chr9,37258063,37782351
chr9,37454036,37978324
chr9,37676034,38200322
chr9,37871924,38396212
chr9,38145514,38669802
chr9,38518306,39042594
chr9,39645226,40169514
chr9,39933510,40457798
chr9,40649880,41174168
chr9,40869271,41393559
chr9,41194237,41718525
chr9,41479400,42003688
chr9,42404141,42928429
chr9,61689502,62213790
chr9,62211571,62735859
chr9,62637980,63162268
chr9,62936575,63460863
chr9,63173459,63697747
chr9,64476783,65001071
chr9,64769487,65293775
chr9,65003716,65528004
chr9,65511340,66035628
chr9,67004485,67528773
chr9,68077402,68601690
chr9,68336087,68860375
chr9,68615398,69139686
chr9,68871893,69396181
chr9,69268901,69793189
chr9,69473369,69997657
chr9,69709933,70234221
chr9,69916613,70440901
chr9,70132728,70657016
chr9,70355983,70880271
chr9,70760548,71284836
chr9,71138740,71663028
chr9,71343263,71867551
chr9,71558163,72082451
chr9,71764777,72289065
chr9,71965513,72489801
chr9,72187770,72712058
chr9,72390648,72914936
chr9,72643953,73168241
chr9,72847494,73371782
chr9,73055885,73580173
chr9,74596567,75120855
chr9,74863299,75387587
chr9,75074622,75598910
chr9,75726063,76250351
chr9,76017004,76541292
chr9,76229504,76753792
chr9,76454340,76978628
chr9,76652975,77177263
chr9,77012717,77537005
chr9,77253023,77777311
chr9,77543085,78067373
chr9,77762468,78286756
chr9,78071452,78595740
chr9,78274990,78799278
chr9,78512162,79036450
chr9,78768513,79292801
chr9,79021930,79546218
chr9,79325041,79849329
chr9,79520736,80045024
chr9,79897427,80421715
chr9,80703956,81228244
chr9,81225068,81749356
chr9,81445646,81969934
chr9,81655831,82180119
chr9,81857287,82381575
chr9,82107461,82631749
chr9,82849434,83373722
chr9,83055292,83579580
chr9,83308329,83832617
chr9,83506240,84030528
chr9,83720897,84245185
chr9,83972327,84496615
chr9,84698450,85222738
chr9,85445723,85970011
chr9,85776401,86300689
chr9,85982284,86506572
chr9,86184710,86708998
chr9,86382456,86906744
chr9,86592553,87116841
chr9,86812812,87337100
chr9,87015132,87539420
chr9,87217486,87741774
chr9,87428559,87952847
chr9,87627210,88151498
chr9,88033788,88558076
chr9,88235032,88759320
chr9,88439665,88963953
chr9,88639843,89164131
chr9,88836623,89360911
chr9,89040393,89564681
chr9,89258196,89782484
chr9,89642224,90166512
chr9,89843406,90367694
chr9,90062985,90587273
chr9,90382495,90906783
chr9,90751240,91275528
chr9,90953619,91477907
chr9,91170122,91694410
chr9,91371682,91895970
chr9,91606608,92130896
chr9,91828181,92352469
chr9,92032534,92556822
chr9,92275313,92799601
chr9,92500304,93024592
chr9,92713520,93237808
chr9,92927008,93451296
chr9,93286645,93810933
chr9,93865983,94390271
chr9,94095136,94619424
chr9,94485151,95009439
chr9,94683031,95207319
chr9,94880461,95404749
chr9,95152709,95676997
chr9,95577954,96102242
chr9,95843117,96367405
chr9,96175884,96700172
chr9,96389225,96913513
chr9,96613343,97137631
chr9,96848653,97372941
chr9,97248513,97772801
chr9,97468950,97993238
chr9,97676528,98200816
chr9,97891804,98416092
chr9,98087699,98611987
chr9,98286102,98810390
chr9,98489802,99014090
chr9,98687354,99211642
chr9,98886146,99410434
chr9,99104979,99629267
chr9,99321027,99845315
chr9,99588058,100112346
chr9,99900432,100424720
chr9,100112626,100636914
chr9,100425978,100950266
chr9,101211656,101735944
chr9,101418062,101942350
chr9,103040212,103564500
chr9,103825921,104350209
chr9,104068083,104592371
chr9,104576750,105101038
chr9,104804090,105328378
chr9,105041878,105566166
chr9,105280247,105804535
chr9,105530466,106054754
chr9,106315871,106840159
chr9,106533905,107058193
chr9,106731063,107255351
chr9,107025392,107549680
chr9,107324950,107849238
chr9,107543112,108067400
chr9,107768123,108292411
chr9,107978454,108502742
chr9,108222435,108746723
chr9,108421757,108946045
chr9,108622416,109146704
chr9,108837368,109361656
chr9,109080811,109605099
chr9,109283836,109808124
chr9,109519779,110044067
chr9,109722398,110246686
chr9,109919426,110443714
chr9,110186527,110710815
chr9,110391571,110915859
chr9,110587266,111111554
chr9,110784801,111309089
chr9,110984004,111508292
chr9,111192319,111716607
chr9,111434268,111958556
chr9,111641522,112165810
chr9,111848362,112372650
chr9,112060398,112584686
chr9,112283710,112807998
chr9,112553553,113077841
chr9,112892206,113416494
chr9,113111559,113635847
chr9,113320876,113845164
chr9,113518559,114042847
chr9,113721796,114246084
chr9,113992284,114516572
chr9,114199539,114723827
chr9,114422955,114947243
chr9,114640065,115164353
chr9,114836336,115360624
chr9,115036218,115560506
chr9,115236990,115761278
chr9,115437715,115962003
chr9,115681249,116205537
chr9,115894188,116418476
chr9,116105595,116629883
chr9,116352536,116876824
chr9,116747408,117271696
chr9,117540060,118064348
chr9,118797515,119321803
chr9,119787339,120311627
chr9,120180282,120704570
chr9,120407405,120931693
chr9,120619170,121143458
chr9,120907792,121432080
chr9,121103539,121627827
chr9,121365218,121889506
chr9,121561130,122085418
chr9,121780044,122304332
chr9,121995211,122519499
chr9,122210706,122734994
chr9,122663181,123187469
chr9,122909638,123433926
chr9,123364374,123888662
chr9,123600136,124124424
chr9,123890170,124414458
chr9,124087684,124611972
chr9,124387903,124912191
chr9,124607182,125131470
chr9,124955621,125479909
chr9,125216606,125740894
chr9,125461984,125986272
chr9,125687799,126212087
chr9,126209173,126733461
chr9,126626897,127151185
chr9,126857346,127381634
chr9,127080698,127604986
chr9,127283290,127807578
chr9,127500424,128024712
chr9,127712995,128237283
chr9,127917288,128441576
chr9,128117950,128642238
chr9,128340734,128865022
chr9,128607009,129131297
chr9,128808499,129332787
chr9,129009493,129533781
chr9,129248685,129772973
chr9,129445473,129969761
chr9,129658845,130183133
chr9,129877950,130402238
chr9,130137049,130661337
chr9,130414891,130939179
chr9,130612084,131136372
chr9,130855977,131380265
chr9,131073543,131597831
chr9,131336619,131860907
chr9,131542810,132067098
chr9,131750664,132274952
chr9,132049510,132573798
chr9,132445385,132969673
chr9,132714256,133238544
chr9,132911916,133436204
chr9,133171178,133695466
chr9,133394273,133918561
chr9,133629167,134153455
chr9,133826510,134350798
chr9,134051331,134575619
chr9,134270459,134794747
chr9,134476811,135001099
chr9,135304274,135828562
chr9,135720683,136244971
chr9,135955235,136479523
chr9,136161621,136685909
chr9,136387672,136911960
chr9,136627320,137151608
chr9,136918156,137442444
chr9,137258183,137782471
chr9,137454010,137978298
chrX,112127,636415
chrX,662305,1186593
chrX,1044530,1568818
chrX,1288042,1812330
chrX,2178313,2702601
chrX,2444588,2968876
chrX,2640456,3164744
chrX,2997803,3522091
chrX,3286529,3810817
chrX,3535867,4060155
chrX,3755174,4279462
chrX,5561778,6086066
chrX,6848404,7372692
chrX,7106062,7630350
chrX,7351169,7875457
chrX,7763269,8287557
chrX,8593199,9117487
chrX,8797753,9322041
chrX,8994130,9518418
chrX,9252680,9776968
chrX,9497636,10021924
chrX,9733234,10257522
chrX,9938013,10462301
chrX,10234668,10758956
chrX,10447176,10971464
chrX,10901100,11425388
chrX,11096904,11621192
chrX,11306385,11830673
chrX,11524357,12048645
chrX,11843329,12367617
chrX,12046184,12570472
chrX,12247453,12771741
chrX,12445509,12969797
chrX,12782336,13306624
chrX,12981289,13505577
chrX,13209384,13733672
chrX,13483757,14008045
chrX,13734848,14259136
chrX,14079998,14604286
chrX,14333258,14857546
chrX,14668407,15192695
chrX,14891200,15415488
chrX,15105646,15629934
chrX,15510922,16035210
chrX,15718515,16242803
chrX,15950220,16474508
chrX,16299104,16823392
chrX,16501222,17025510
chrX,16705148,17229436
chrX,17210456,17734744
chrX,17416653,17940941
chrX,18257863,18782151
chrX,18708675,19232963
chrX,19179121,19703409
chrX,19402407,19926695
chrX,19608020,20132308
chrX,19903731,20428019
chrX,20099491,20623779
chrX,20297188,20821476
chrX,21474594,21998882
chrX,21675037,22199325
chrX,21970841,22495129
chrX,22225208,22749496
chrX,22470205,22994493
chrX,22786464,23310752
chrX,23499028,24023316
chrX,23719450,24243738
chrX,23981461,24505749
chrX,24177162,24701450
chrX,24529844,25054132
chrX,29497609,30021897
chrX,29859784,30384072
chrX,30118710,30642998
chrX,30356924,30881212
chrX,30711635,31235923
chrX,31035333,31559621
chrX,31259571,31783859
chrX,34491626,35015914
chrX,34710684,35234972
chrX,34950736,35475024
chrX,37184509,37708797
chrX,37683490,38207778
chrX,37887546,38411834
chrX,38111152,38635440
chrX,38636729,39161017
chrX,39080348,39604636
chrX,39480828,40005116
chrX,39684977,40209265
chrX,39891140,40415428
chrX,40098159,40622447
chrX,40375622,40899910
chrX,40571782,41096070
chrX,40769108,41293396
chrX,41004131,41528419
chrX,41217340,41741628
chrX,41491957,42016245
chrX,41748322,42272610
chrX,43490400,44014688
chrX,43800424,44324712
chrX,44236866,44761154
chrX,44569642,45093930
chrX,44845895,45370183
chrX,45157764,45682052
chrX,45457325,45981613
chrX,45659792,46184080
chrX,46015858,46540146
chrX,46279539,46803827
chrX,46500875,47025163
chrX,46808632,47332920
chrX,47014835,47539123
chrX,47318447,47842735
chrX,47632008,48156296
chrX,47839441,48363729
chrX,48301287,48825575
chrX,48511769,49036057
chrX,48733188,49257476
chrX,48959136,49483424
chrX,49714082,50238370
chrX,51404757,51929045
chrX,51638981,52163269
chrX,51904634,52428922
chrX,52688508,53212796
chrX,52884290,53408578
chrX,53099106,53623394
chrX,53312551,53836839
chrX,53510739,54035027
chrX,53878904,54403192
chrX,54275787,54800075
chrX,54475264,54999552
chrX,54835766,55360054
chrX,55287603,55811891
chrX,55553658,56077946
chrX,56399034,56923322
chrX,56602560,57126848
chrX,56831440,57355728
chrX,57427414,57951702
chrX,57746268,58270556
chrX,63186663,63710951
chrX,63396597,63920885
chrX,63758234,64282522
chrX,64041885,64566173
chrX,65370236,65894524
chrX,66458364,66982652
chrX,67190175,67714463
chrX,67399750,67924038
chrX,67616177,68140465
chrX,67920423,68444711
chrX,68257899,68782187
chrX,68469855,68994143
chrX,68772274,69296562
chrX,68973257,69497545
chrX,69197524,69721812
chrX,69883091,70407379
chrX,70125401,70649689
chrX,70428283,70952571
chrX,70892498,71416786
chrX,71090154,71614442
chrX,71368324,71892612
chrX,71753198,72277486
chrX,71956815,72481103
chrX,72194529,72718817
chrX,72408252,72932540
chrX,73050028,73574316
chrX,73399101,73923389
chrX,73752646,74276934
chrX,73954690,74478978
chrX,74179392,74703680
chrX,74449720,74974008
chrX,74991701,75515989
chrX,75980633,76504921
chrX,77286648,77810936
chrX,77504131,78028419
chrX,77730931,78255219
chrX,77939393,78463681
chrX,78362975,78887263
chrX,80600777,81125065
chrX,81037446,81561734
chrX,84004149,84528437
chrX,84337779,84862067
chrX,84839045,85363333
chrX,85758328,86282616
chrX,91270651,91794939
chrX,93509440,94033728
chrX,96271805,96796093
chrX,96521324,97045612
chrX,97225354,97749642
chrX,100472316,100996604
chrX,100831033,101355321
chrX,101054647,101578935
chrX,101253815,101778103
chrX,101453382,101977670
chrX,101821637,102345925
chrX,102435404,102959692
chrX,102668663,103192951
chrX,102899188,103423476
chrX,103166645,103690933
chrX,103366486,103890774
chrX,103566782,104091070
chrX,103972085,104496373
chrX,104169334,104693622
chrX,106534821,107059109
chrX,106730602,107254890
chrX,106954388,107478676
chrX,107397256,107921544
chrX,107661643,108185931
chrX,107907230,108431518
chrX,108148626,108672914
chrX,109308379,109832667
chrX,109544958,110069246
chrX,109772255,110296543
chrX,109995898,110520186
chrX,110218928,110743216
chrX,110436431,110960719
chrX,110876511,111400799
chrX,111517136,112041424
chrX,112472344,112996632
chrX,113348760,113873048
chrX,114811861,115336149
chrX,115180798,115705086
chrX,115396311,115920599
chrX,116709244,117233532
chrX,118181309,118705597
chrX,118380876,118905164
chrX,118579270,119103558
chrX,118851020,119375308
chrX,119071429,119595717
chrX,119294617,119818905
chrX,119490299,120014587
chrX,119688201,120212489
chrX,120080579,120604867
chrX,120304640,120828928
chrX,120508022,121032310
chrX,121033547,121557835
chrX,121823033,122347321
chrX,122401291,122925579
chrX,122702048,123226336
chrX,122920085,123444373
chrX,123160335,123684623
chrX,123463114,123987402
chrX,123661023,124185311
chrX,123859528,124383816
chrX,124390615,124914903
chrX,129329214,129853502
chrX,129678808,130203096
chrX,129917687,130441975
chrX,130175328,130699616
chrX,130385551,130909839
chrX,130606755,131131043
chrX,130809852,131334140
chrX,131648718,132173006
chrX,132052309,132576597
chrX,132316399,132840687
chrX,133090738,133615026
chrX,133562377,134086665
chrX,134208649,134732937
chrX,134435810,134960098
chrX,134643104,135167392
chrX,134839670,135363958
chrX,135180135,135704423
chrX,135809563,136333851
chrX,136005578,136529866
chrX,136332340,136856628
chrX,136530164,137054452
chrX,136745509,137269797
chrX,138761593,139285881
chrX,139717139,140241427
chrX,140360589,140884877
chrX,140600469,141124757
chrX,141241842,141766130
chrX,144014209,144538497
chrX,147747181,148271469
chrX,149331205,149855493
chrX,149666004,150190292
chrX,149868348,150392636
chrX,150159755,150684043
chrX,150405011,150929299
chrX,150602926,151127214
chrX,150989198,151513486
chrX,151232129,151756417
chrX,151533003,152057291
chrX,151738753,152263041
chrX,152655347,153179635
chrX,152976539,153500827
chrX,153217401,153741689
chrX,153544642,154068930
chrX,153763517,154287805
chrX,154176787,154701075
chrX,154377334,154901622
chrX,154573470,155097758
chrX,154862267,155386555
chrX,155448018,155972306
chrY,112134,636422
chrY,662236,1186524
chrY,1227082,1751370
chrY,1427770,1952058
chrY,2156815,2681103
chrY,2444624,2968912
chrY,2677617,3201905
chrY,7108585,7632873
chrY,7304412,7828700
chrY,7522602,8046890
chrY,9942705,10466993
chrY,11306801,11831089
chrY,12274584,12798872
chrY,12479251,13003539
chrY,12740736,13265024
chrY,13315442,13839730
chrY,13539923,14064211
chrY,14359934,14884222
chrY,14639608,15163896
chrY,15160409,15684697
chrY,15371277,15895565
chrY,17652983,18177271
chrY,17923782,18448070
chrY,18296998,18821286
chrY,18745988,19270276
chrY,19403196,19927484
chrY,20411039,20935327
chrY,24166266,24690554
chrY,25234867,25759155
